1000,2000,50879,50920,1.00081
1000,2000,50879,50920,1.00081
1000,2002,50560,50636,1.0015
1001,2002,50943,50979,1.00071
1000,2004,49614,49779,1.00333
1000,2006,50003,50154,1.00302
1000,2008,49851,50056,1.00411
1000,2010,49155,49394,1.00486
1000,2012,49610,50009,1.00804
1000,2014,49422,49833,1.00832
1000,2016,50127,50585,1.00914
1000,2018,49567,50079,1.01033
1000,2020,49703,50146,1.00891
1000,2022,48539,49167,1.01294
1000,2024,49866,50390,1.01051
1000,2026,49561,50240,1.0137
1000,2028,49310,49846,1.01087
1000,2030,49800,50824,1.02056
1000,2032,50028,51147,1.02237
1000,2034,48978,49953,1.01991
1000,2036,49428,50402,1.01971
1000,2038,47059,48031,1.02065
1000,2040,50621,51380,1.01499
1000,2042,50019,50976,1.01913
1000,2044,49544,50402,1.01732
1000,2046,49768,50870,1.02214
1000,2048,48332,49475,1.02365
1000,2050,49289,50590,1.0264
1000,2052,48879,50130,1.02559
1000,2054,48968,50057,1.02224
1000,2056,49070,50420,1.02751
1000,2058,48949,50566,1.03303
1000,2060,49173,50797,1.03303
1000,2062,48417,49649,1.02545
1000,2064,48787,50297,1.03095
1000,2066,50157,51851,1.03377
1000,2068,47886,49588,1.03554
1000,2070,50591,52333,1.03443
1000,2072,48702,50415,1.03517
1000,2074,49630,51302,1.03369
1000,2076,49003,50876,1.03822
1000,2078,48187,50071,1.0391
1000,2080,48188,49906,1.03565
1000,2082,47912,49768,1.03874
1000,2084,48999,51006,1.04096
1000,2086,48498,50366,1.03852
1000,2088,47977,50105,1.04435
1000,2090,48593,50566,1.0406
1000,2092,46072,48409,1.05072
1000,2094,48352,50429,1.04296
1000,2096,47186,49602,1.0512
1000,2098,47545,50063,1.05296
1000,2100,48882,50907,1.04143
1000,2102,49410,51810,1.04857
1000,2104,48111,50591,1.05155
1001,2104,47583,49901,1.04871
1000,2106,47811,50026,1.04633
1000,2108,46872,49607,1.05835
1000,2110,48671,51134,1.05061
1000,2112,48084,50788,1.05623
1000,2114,49390,51696,1.04669
1000,2116,46415,49414,1.06461
1000,2118,47231,50129,1.06136
1000,2120,48511,51306,1.05762
1000,2122,47480,50117,1.05554
1000,2124,48012,50728,1.05657
1000,2126,47393,50153,1.05824
1000,2128,47758,50542,1.05829
1000,2130,46914,49643,1.05817
1000,2132,46971,49707,1.05825
1000,2134,49226,52123,1.05885
1000,2136,46166,49522,1.07269
1000,2138,47067,50188,1.06631
1000,2140,46573,50250,1.07895
1000,2142,46685,50269,1.07677
1000,2144,47185,50178,1.06343
1000,2146,48806,52081,1.0671
1000,2148,48171,51883,1.07706
1000,2150,47748,51153,1.07131
1000,2152,46537,49718,1.06835
1000,2154,45716,49514,1.08308
1000,2156,46859,50655,1.08101
1000,2158,46530,49892,1.07225
1000,2160,48045,51388,1.06958
1000,2162,47837,51485,1.07626
1000,2164,47695,51369,1.07703
1000,2166,45916,49907,1.08692
1000,2168,46869,50004,1.06689
1000,2170,45431,48972,1.07794
1000,2172,44596,48496,1.08745
1000,2174,46542,50496,1.08496
1000,2176,47934,51568,1.07581
1000,2178,45770,49866,1.08949
1000,2180,46791,50463,1.07848
1000,2182,45428,49422,1.08792
1000,2184,47453,51872,1.09312
1000,2186,46116,50086,1.08609
1000,2188,46087,50633,1.09864
1000,2190,47503,51670,1.08772
1000,2192,47556,51665,1.0864
1000,2194,47007,50597,1.07637
1000,2196,46629,50729,1.08793
1000,2198,45022,49119,1.091
1000,2200,46840,51370,1.09671
1000,2202,45880,50293,1.09619
1000,2204,47645,52151,1.09457
1000,2206,46775,51083,1.0921
1001,2206,45065,49968,1.1088
1000,2208,46772,51327,1.09739
1000,2210,45384,50040,1.10259
1000,2212,45541,49785,1.09319
1000,2214,44319,48978,1.10512
1000,2216,45762,50081,1.09438
1000,2218,46922,51444,1.09637
1000,2220,45693,50171,1.098
1000,2222,46471,51112,1.09987
1000,2224,45864,51317,1.11889
1000,2226,46809,51369,1.09742
1000,2228,46770,51826,1.1081
1000,2230,48525,53012,1.09247
1000,2232,44200,49427,1.11826
1000,2234,44587,50269,1.12744
1000,2236,46203,51057,1.10506
1000,2238,45733,51374,1.12335
1000,2240,45398,50172,1.10516
1000,2242,47286,52330,1.10667
1000,2244,45450,50241,1.10541
1000,2246,44877,50474,1.12472
1000,2248,43084,48278,1.12056
1000,2250,45557,50695,1.11278
1000,2252,45265,50898,1.12444
1000,2254,45799,51238,1.11876
1000,2256,45031,49853,1.10708
1000,2258,44535,49977,1.1222
1000,2260,44370,49352,1.11228
1000,2262,45150,50245,1.11285
1000,2264,44233,49723,1.12412
1000,2266,45392,50615,1.11506
1000,2268,45946,51030,1.11065
1000,2270,45543,50923,1.11813
1000,2272,45172,50716,1.12273
1000,2274,44684,50311,1.12593
1000,2276,45330,50850,1.12177
1000,2278,44888,50393,1.12264
1000,2280,46026,51600,1.12111
1000,2282,45025,51181,1.13672
1000,2284,43412,49557,1.14155
1000,2286,45227,51125,1.13041
1000,2288,44774,50742,1.13329
1000,2290,42842,48955,1.14269
1000,2292,43055,49152,1.14161
1000,2294,44366,50440,1.13691
1000,2296,45617,51914,1.13804
1000,2298,44328,50525,1.1398
1000,2300,43552,50196,1.15255
1000,2302,44121,50282,1.13964
1000,2304,45025,50851,1.12939
1000,2306,44436,50106,1.1276
1000,2308,44526,50239,1.12831
1001,2308,43581,49375,1.13295
1000,2310,43066,48739,1.13173
1000,2312,44793,51404,1.14759
1000,2314,44053,50478,1.14585
1000,2316,44162,50596,1.14569
1000,2318,44205,50985,1.15338
1000,2320,45857,52536,1.14565
1000,2322,44021,50580,1.149
1000,2324,44696,50932,1.13952
1000,2326,42221,48810,1.15606
1000,2328,42916,49467,1.15265
1000,2330,44039,51038,1.15893
1000,2332,43397,49913,1.15015
1000,2334,43071,49808,1.15642
1000,2336,44355,51107,1.15223
1000,2338,43631,51146,1.17224
1000,2340,41929,48983,1.16824
1000,2342,44020,50763,1.15318
1000,2344,44230,51220,1.15804
1000,2346,45291,51262,1.13184
1000,2348,42284,49065,1.16037
1000,2350,44153,50511,1.144
1000,2352,44239,51039,1.15371
1000,2354,43859,50934,1.16131
1000,2356,42978,50345,1.17141
1000,2358,44623,51270,1.14896
1000,2360,43355,50656,1.1684
1000,2362,41404,48369,1.16822
1000,2364,42359,49522,1.1691
1000,2366,41204,49177,1.1935
1000,2368,43744,50535,1.15524
1000,2370,44118,51964,1.17784
1000,2372,43352,50454,1.16382
1000,2374,42813,50419,1.17766
1000,2376,42018,49479,1.17757
1000,2378,41766,49238,1.1789
1000,2380,42936,50325,1.17209
1000,2382,42694,49973,1.17049
1000,2384,42888,50367,1.17438
1000,2386,44191,51491,1.16519
1000,2388,42314,49974,1.18103
1000,2390,43711,51287,1.17332
1000,2392,42502,49488,1.16437
1000,2394,43075,50288,1.16745
1000,2396,41858,49705,1.18747
1000,2398,43308,51626,1.19207
1000,2400,41206,49721,1.20664
1000,2402,44131,51452,1.16589
1000,2404,42801,50818,1.18731
1000,2406,43062,50912,1.1823
1000,2408,41464,49490,1.19357
1000,2410,42797,51017,1.19207
1001,2410,41847,49251,1.17693
1000,2412,41395,49679,1.20012
1000,2414,43447,51477,1.18482
1000,2416,42821,50648,1.18278
1000,2418,42858,50438,1.17686
1000,2420,42920,50746,1.18234
1000,2422,42008,49226,1.17182
1000,2424,43234,50982,1.17921
1000,2426,41386,49947,1.20686
1000,2428,42999,50886,1.18342
1000,2430,42687,50422,1.1812
1000,2432,42848,51007,1.19042
1000,2434,44520,52842,1.18693
1000,2436,41116,49188,1.19632
1000,2438,40827,48983,1.19977
1000,2440,40142,49714,1.23845
1000,2442,42234,50927,1.20583
1000,2444,41569,50483,1.21444
1000,2446,43023,51023,1.18595
1000,2448,41951,50755,1.20986
1000,2450,40488,49171,1.21446
1000,2452,42349,51009,1.20449
1000,2454,42264,50987,1.20639
1000,2456,41301,49970,1.2099
1000,2458,40643,49454,1.21679
1000,2460,40606,48217,1.18744
1000,2462,41937,50639,1.2075
1000,2464,40482,49879,1.23213
1000,2466,42376,50807,1.19896
1000,2468,41819,50120,1.1985
1000,2470,42368,50590,1.19406
1000,2472,42523,51971,1.22219
1000,2474,41820,50764,1.21387
1000,2476,40684,50057,1.23039
1000,2478,41564,50215,1.20814
1000,2480,40771,49590,1.21631
1000,2482,42178,50971,1.20847
1000,2484,40401,49428,1.22344
1000,2486,42158,50906,1.20751
1000,2488,42402,51776,1.22107
1000,2490,41858,51327,1.22622
1000,2492,41878,51085,1.21985
1000,2494,41057,50112,1.22055
1000,2496,41434,50211,1.21183
1000,2498,41767,51163,1.22496
1000,2500,40242,49030,1.21838
1000,2502,39989,48846,1.22149
1000,2504,41370,50197,1.21337
1000,2506,41780,51437,1.23114
1000,2508,40736,49805,1.22263
1000,2510,40331,50500,1.25214
1000,2512,40492,49688,1.22711
1001,2512,40724,49144,1.20676
1000,2514,39085,48887,1.25079
1000,2516,40609,50337,1.23955
1000,2518,41364,51444,1.24369
1000,2520,39919,49558,1.24146
1000,2522,40965,50960,1.24399
1000,2524,41588,50799,1.22148
1000,2526,40887,50569,1.2368
1000,2528,40796,50568,1.23953
1000,2530,40223,49639,1.23409
1000,2532,40380,50221,1.24371
1000,2534,40207,50184,1.24814
1000,2536,40798,50539,1.23876
1000,2538,41496,50396,1.21448
1000,2540,42554,52131,1.22506
1000,2542,40586,50187,1.23656
1000,2544,40113,50164,1.25057
1000,2546,40407,50545,1.2509
1000,2548,39262,49007,1.2482
1000,2550,41909,51546,1.22995
1000,2552,40629,49928,1.22888
1000,2554,40242,50440,1.25342
1000,2556,41022,51753,1.26159
1000,2558,40642,51072,1.25663
1000,2560,40878,50173,1.22738
1000,2562,40356,49966,1.23813
1000,2564,41458,50430,1.21641
1000,2566,41286,51800,1.25466
1000,2568,39267,48785,1.24239
1000,2570,39702,49529,1.24752
1000,2572,40971,51212,1.24996
1000,2574,39876,50249,1.26013
1000,2576,39802,49955,1.25509
1000,2578,39267,49679,1.26516
1000,2580,38876,49428,1.27143
1000,2582,39843,50176,1.25934
1000,2584,39399,50121,1.27214
1000,2586,38249,49702,1.29943
1000,2588,39116,49167,1.25695
1000,2590,41632,51330,1.23295
1000,2592,42041,51524,1.22557
1000,2594,39246,48486,1.23544
1000,2596,39770,50411,1.26756
1000,2598,39946,50472,1.26351
1000,2600,39540,50141,1.26811
1000,2602,41101,51650,1.25666
1000,2604,38668,49525,1.28077
1000,2606,40495,50774,1.25383
1000,2608,39091,49844,1.27508
1000,2610,38299,48857,1.27567
1000,2612,40247,50772,1.26151
1000,2614,39516,50115,1.26822
1001,2614,39683,51113,1.28803
1000,2616,39169,50185,1.28124
1000,2618,39851,50689,1.27196
1000,2620,41739,52482,1.25739
1000,2622,39260,50702,1.29144
1000,2624,39595,50703,1.28054
1000,2626,38721,49688,1.28323
1000,2628,38981,50040,1.2837
1000,2630,40418,50740,1.25538
1000,2632,38932,50126,1.28753
1000,2634,39453,50292,1.27473
1000,2636,39971,50605,1.26604
1000,2638,38702,49730,1.28495
1000,2640,39858,51135,1.28293
1000,2642,38353,48820,1.27291
1000,2644,40044,51392,1.28339
1000,2646,38880,49303,1.26808
1000,2648,39293,50576,1.28715
1000,2650,38876,49537,1.27423
1000,2652,38879,49562,1.27478
1000,2654,40428,52651,1.30234
1000,2656,39440,50409,1.27812
1000,2658,38592,50619,1.31164
1000,2660,38930,50409,1.29486
1000,2662,37691,49588,1.31565
1000,2664,39848,50855,1.27622
1000,2666,40214,51852,1.2894
1000,2668,39378,49938,1.26817
1000,2670,40532,52200,1.28787
1000,2672,38761,50439,1.30128
1000,2674,37565,48698,1.29637
1000,2676,38943,51021,1.31015
1000,2678,39451,50500,1.28007
1000,2680,39186,51327,1.30983
1000,2682,38877,49838,1.28194
1000,2684,38418,49576,1.29044
1000,2686,39534,51366,1.29929
1000,2688,38803,51079,1.31637
1000,2690,37577,49155,1.30811
1000,2692,38409,50347,1.31081
1000,2694,38490,49875,1.29579
1000,2696,38256,49885,1.30398
1000,2698,38411,49735,1.29481
1000,2700,39027,50055,1.28257
1000,2702,38071,49523,1.30081
1000,2704,36765,48520,1.31973
1000,2706,39522,50579,1.27977
1000,2708,38080,49494,1.29974
1000,2710,37207,49449,1.32902
1000,2712,38212,50284,1.31592
1000,2714,37456,50367,1.3447
1000,2716,37880,49686,1.31167
1001,2716,37410,48738,1.30281
1000,2718,38203,49614,1.29869
1000,2720,38603,50352,1.30435
1000,2722,39185,50588,1.291
1000,2724,37688,49449,1.31206
1000,2726,37592,50948,1.35529
1000,2728,37948,50114,1.3206
1000,2730,37648,49143,1.30533
1000,2732,39571,50816,1.28417
1000,2734,38049,50175,1.31869
1000,2736,39479,51978,1.3166
1000,2738,38183,50205,1.31485
1000,2740,37039,49022,1.32352
1000,2742,38191,50888,1.33246
1000,2744,38513,51682,1.34194
1000,2746,40076,52115,1.3004
1000,2748,37756,50668,1.34199
1000,2750,38817,50666,1.30525
1000,2752,38970,51118,1.31173
1000,2754,38183,50877,1.33245
1000,2756,39275,52156,1.32797
1000,2758,39196,51839,1.32256
1000,2760,38352,51022,1.33036
1000,2762,37476,49155,1.31164
1000,2764,38159,50703,1.32873
1000,2766,37318,49577,1.3285
1000,2768,37277,49495,1.32776
1000,2770,37997,49911,1.31355
1000,2772,37733,51213,1.35725
1000,2774,36632,49296,1.34571
1000,2776,38629,51590,1.33553
1000,2778,38503,51056,1.32603
1000,2780,36570,48987,1.33954
1000,2782,37855,50421,1.33195
1000,2784,38669,51349,1.32791
1000,2786,37058,49620,1.33898
1000,2788,37077,49762,1.34213
1000,2790,39983,52111,1.30333
1000,2792,39133,51935,1.32714
1000,2794,36474,49855,1.36686
1000,2796,37880,50693,1.33825
1000,2798,37787,51345,1.3588
1000,2800,36109,49173,1.36179
1000,2802,38340,50784,1.32457
1000,2804,37854,50401,1.33146
1000,2806,36436,50464,1.385
1000,2808,37014,49502,1.33739
1000,2810,36643,50366,1.37451
1000,2812,36903,49235,1.33417
1000,2814,36941,50512,1.36737
1000,2816,37762,51851,1.3731
1000,2818,37636,50588,1.34414
1001,2818,37300,50783,1.36147
1000,2820,38147,51251,1.34351
1000,2822,36317,49323,1.35812
1000,2824,36388,49475,1.35965
1000,2826,36345,50819,1.39824
1000,2828,37066,50422,1.36033
1000,2830,37502,50571,1.34849
1000,2832,36569,50334,1.37641
1000,2834,37939,51685,1.36232
1000,2836,35838,48964,1.36626
1000,2838,38214,51419,1.34555
1000,2840,35673,48799,1.36795
1000,2842,37563,51406,1.36853
1000,2844,37581,50798,1.35169
1000,2846,37044,49941,1.34815
1000,2848,38292,51565,1.34663
1000,2850,35819,49596,1.38463
1000,2852,37111,50994,1.37409
1000,2854,35924,49611,1.381
1000,2856,36674,49958,1.36222
1000,2858,36297,50831,1.40042
1000,2860,37949,51294,1.35166
1000,2862,36441,49064,1.3464
1000,2864,37180,50535,1.3592
1000,2866,37032,50963,1.37619
1000,2868,36669,50854,1.38684
1000,2870,35525,49917,1.40512
1000,2872,37529,51268,1.36609
1000,2874,34982,48464,1.3854
1000,2876,38274,51116,1.33553
1000,2878,35154,49461,1.40698
1000,2880,36981,51545,1.39382
1000,2882,36602,49895,1.36318
1000,2884,37069,51035,1.37676
1000,2886,37861,52374,1.38332
1000,2888,35714,50003,1.4001
1000,2890,36629,49372,1.34789
1000,2892,37990,50819,1.33769
1000,2894,36284,49913,1.37562
1000,2896,36270,49945,1.37703
1000,2898,35706,49074,1.37439
1000,2900,36848,50730,1.37674
1000,2902,35598,48828,1.37165
1000,2904,36630,50424,1.37658
1000,2906,37515,51118,1.3626
1000,2908,37289,50940,1.36609
1000,2910,36246,51459,1.41972
1000,2912,35180,49826,1.41632
1000,2914,36244,50058,1.38114
1000,2916,37271,50860,1.3646
1000,2918,35081,49011,1.39708
1000,2920,33956,48879,1.43948
1001,2920,36144,49951,1.382
1000,2922,33713,48970,1.45256
1000,2924,36708,51152,1.39348
1000,2926,36570,49836,1.36276
1000,2928,34800,49564,1.42425
1000,2930,36139,50779,1.4051
1000,2932,36273,51313,1.41463
1000,2934,38468,52151,1.3557
1000,2936,36170,51013,1.41037
1000,2938,35559,49583,1.39439
1000,2940,34841,50506,1.44961
1000,2942,35113,49493,1.40953
1000,2944,37139,51471,1.3859
1000,2946,34833,48921,1.40444
1000,2948,36919,50782,1.3755
1000,2950,35797,49893,1.39378
1000,2952,36583,50997,1.39401
1000,2954,34878,50088,1.43609
1000,2956,35876,50473,1.40687
1000,2958,36622,51623,1.40962
1000,2960,35559,50850,1.43002
1000,2962,35774,50522,1.41225
1000,2964,35385,50404,1.42445
1000,2966,35919,50884,1.41663
1000,2968,36914,52122,1.41198
1000,2970,36029,51244,1.4223
1000,2972,35449,50253,1.41761
1000,2974,35098,49176,1.40111
1000,2976,36353,51479,1.41609
1000,2978,35990,50403,1.40047
1000,2980,36402,51101,1.4038
1000,2982,35484,50360,1.41923
1000,2984,36867,50767,1.37703
1000,2986,35426,50983,1.43914
1000,2988,35106,50374,1.43491
1000,2990,35026,50774,1.44961
1000,2992,35695,50183,1.40588
1000,2994,35794,50905,1.42217
1000,2996,36182,50832,1.4049
1000,2998,34145,48486,1.42
1000,3000,36613,51297,1.40106
1000,3002,37205,51524,1.38487
1000,3004,35333,51815,1.46648
1000,3006,35028,49677,1.41821
1000,3008,37576,52092,1.38631
1000,3010,35232,51749,1.46881
1000,3012,35667,50692,1.42126
1000,3014,35591,51215,1.43899
1000,3016,34921,50632,1.4499
1000,3018,36056,51344,1.42401
1000,3020,35749,50335,1.40801
1000,3022,35312,50540,1.43124
1001,3022,34492,50306,1.45848
1000,3024,34340,49750,1.44875
1000,3026,35558,50988,1.43394
1000,3028,35516,50097,1.41055
1000,3030,35176,50995,1.44971
1000,3032,36036,50377,1.39796
1000,3034,36205,51322,1.41754
1000,3036,36553,52988,1.44962
1000,3038,33828,49675,1.46846
1000,3040,35170,50428,1.43384
1000,3042,35253,51282,1.45468
1000,3044,35228,50995,1.44757
1000,3046,36497,51753,1.41801
1000,3048,34745,51271,1.47564
1000,3050,34552,49498,1.43257
1000,3052,35190,50363,1.43117
1000,3054,34739,50158,1.44385
1000,3056,35062,50780,1.44829
1000,3058,35053,50649,1.44493
1000,3060,34171,50156,1.46779
1000,3062,35827,50656,1.41391
1000,3064,34476,49944,1.44866
1000,3066,35058,49042,1.39888
1000,3068,34802,50802,1.45974
1000,3070,34982,49989,1.42899
1000,3072,34222,49933,1.45909
1000,3074,33132,48836,1.47398
1000,3076,34264,49876,1.45564
1000,3078,35759,50972,1.42543
1000,3080,35044,50937,1.45352
1000,3082,33867,50569,1.49316
1000,3084,34459,50487,1.46513
1000,3086,35573,50486,1.41922
1000,3088,34130,49973,1.4642
1000,3090,34764,50722,1.45904
1000,3092,34498,50472,1.46304
1000,3094,34344,50571,1.47248
1000,3096,33898,49164,1.45035
1000,3098,33531,50189,1.49679
1000,3100,35237,49538,1.40585
1000,3102,34665,50503,1.45689
1000,3104,33176,49765,1.50003
1000,3106,32708,49362,1.50917
1000,3108,34274,49583,1.44667
1000,3110,34560,50001,1.44679
1000,3112,33273,49431,1.48562
1000,3114,34493,51022,1.4792
1000,3116,33163,50257,1.51545
1000,3118,35244,51170,1.45188
1000,3120,34275,50568,1.47536
1000,3122,35212,51240,1.45519
1000,3124,33621,50835,1.512
1001,3124,35247,49952,1.4172
1000,3126,35165,51528,1.46532
1000,3128,32768,50044,1.52722
1000,3130,34696,50587,1.45801
1000,3132,34305,50482,1.47156
1000,3134,33645,49537,1.47234
1000,3136,33891,50566,1.49202
1000,3138,35834,52378,1.46168
1000,3140,35544,52209,1.46886
1000,3142,35662,51036,1.4311
1000,3144,34605,51825,1.49762
1000,3146,34105,50701,1.48661
1000,3148,33385,49312,1.47707
1000,3150,34259,51375,1.49961
1000,3152,33355,50459,1.51279
1000,3154,33025,49756,1.50662
1000,3156,33478,50309,1.50275
1000,3158,34438,50288,1.46025
1000,3160,33767,51393,1.52199
1000,3162,33834,50319,1.48723
1000,3164,31960,48962,1.53198
1000,3166,33765,51207,1.51657
1000,3168,33133,49210,1.48523
1000,3170,33445,50249,1.50244
1000,3172,32461,49187,1.51526
1000,3174,34854,51319,1.4724
1000,3176,34181,51017,1.49255
1000,3178,33895,49954,1.47379
1000,3180,34404,51789,1.50532
1000,3182,33330,50108,1.50339
1000,3184,32658,48632,1.48913
1000,3186,35257,51811,1.46952
1000,3188,32665,49901,1.52766
1000,3190,34746,52212,1.50268
1000,3192,34562,51701,1.49589
1000,3194,35227,51540,1.46308
1000,3196,33575,50907,1.51622
1000,3198,33418,50175,1.50144
1000,3200,33955,50271,1.48052
1000,3202,33280,49702,1.49345
1000,3204,34596,51439,1.48685
1000,3206,34838,52131,1.49638
1000,3208,32596,48517,1.48843
1000,3210,32694,49835,1.52429
1000,3212,33051,49421,1.4953
1000,3214,32919,49509,1.50396
1000,3216,32974,50953,1.54525
1000,3218,33015,49303,1.49335
1000,3220,33323,49980,1.49986
1000,3222,32260,49002,1.51897
1000,3224,34840,52250,1.49971
1000,3226,32606,50380,1.54511
1001,3226,33649,51388,1.52718
1000,3228,34067,51560,1.51349
1000,3230,33986,50887,1.49729
1000,3232,31926,49074,1.53712
1000,3234,33539,49337,1.47103
1000,3236,34434,50625,1.4702
1000,3238,31636,48804,1.54267
1000,3240,33998,50107,1.47382
1000,3242,32065,49108,1.53151
1000,3244,33840,50384,1.48889
1000,3246,34189,51204,1.49767
1000,3248,32465,50829,1.56566
1000,3250,33039,51031,1.54457
1000,3252,32946,50395,1.52962
1000,3254,32668,50020,1.53116
1000,3256,32482,49690,1.52977
1000,3258,33138,50450,1.52242
1000,3260,33436,50352,1.50592
1000,3262,32296,49680,1.53827
1000,3264,33327,50768,1.52333
1000,3266,33315,49842,1.49608
1000,3268,32511,49604,1.52576
1000,3270,32093,49281,1.53557
1000,3272,31942,48966,1.53297
1000,3274,33349,50772,1.52244
1000,3276,31686,49666,1.56744
1000,3278,33004,50168,1.52006
1000,3280,33493,51058,1.52444
1000,3282,33744,51919,1.53861
1000,3284,32428,49531,1.52741
1000,3286,33280,51430,1.54537
1000,3288,33188,50388,1.51826
1000,3290,32687,49973,1.52883
1000,3292,33442,51271,1.53313
1000,3294,32292,51440,1.59296
1000,3296,31963,50080,1.56681
1000,3298,32574,50411,1.54758
1000,3300,33241,51999,1.5643
1000,3302,33543,51212,1.52676
1000,3304,33162,50057,1.50947
1000,3306,33348,50290,1.50804
1000,3308,33630,51329,1.52629
1000,3310,32600,50134,1.53785
1000,3312,31320,49446,1.57874
1000,3314,32938,50114,1.52146
1000,3316,33631,50976,1.51574
1000,3318,32450,49762,1.5335
1000,3320,31818,49494,1.55553
1000,3322,32298,49782,1.54133
1000,3324,32333,51601,1.59592
1000,3326,32883,51095,1.55384
1000,3328,33096,51834,1.56617
1001,3328,33208,50998,1.53571
1000,3330,32647,50940,1.56033
1000,3332,31905,50091,1.57
1000,3334,33423,51847,1.55124
1000,3336,31858,49871,1.56542
1000,3338,33421,51806,1.5501
1000,3340,31446,49891,1.58656
1000,3342,31317,49717,1.58754
1000,3344,31414,50110,1.59515
1000,3346,31075,48623,1.5647
1000,3348,31992,50136,1.56714
1000,3350,32993,50812,1.54008
1000,3352,31054,49422,1.59149
1000,3354,31486,50125,1.59198
1000,3356,32920,50774,1.54235
1000,3358,32901,51438,1.56342
1000,3360,32268,49784,1.54283
1000,3362,32130,49380,1.53688
1000,3364,31861,49603,1.55686
1000,3366,33205,50772,1.52905
1000,3368,32348,51483,1.59154
1000,3370,31992,48893,1.52829
1000,3372,32081,51369,1.60123
1000,3374,31095,49483,1.59135
1000,3376,31599,49895,1.57901
1000,3378,33324,51370,1.54153
1000,3380,32138,50256,1.56376
1000,3382,31946,52129,1.63178
1000,3384,31655,49047,1.54942
1000,3386,32912,50848,1.54497
1000,3388,30718,49565,1.61355
1000,3390,31791,50172,1.57818
1000,3392,32060,49931,1.55742
1000,3394,32566,50659,1.55558
1000,3396,33224,52294,1.57398
1000,3398,30498,49818,1.63348
1000,3400,31489,50024,1.58862
1000,3402,32717,50595,1.54644
1000,3404,33075,51198,1.54794
1000,3406,32307,51023,1.57932
1000,3408,31174,49544,1.58927
1000,3410,31400,49646,1.58108
1000,3412,31770,50186,1.57967
1000,3414,30694,50612,1.64892
1000,3416,31780,51304,1.61435
1000,3418,33244,51109,1.53739
1000,3420,30533,49751,1.62942
1000,3422,33661,52264,1.55266
1000,3424,32616,50863,1.55945
1000,3426,31808,50642,1.59212
1000,3428,31334,50080,1.59826
1000,3430,31307,50884,1.62532
1001,3430,31144,49929,1.60317
1000,3432,31274,49418,1.58016
1000,3434,32164,51186,1.59141
1000,3436,32052,50060,1.56184
1000,3438,31131,51105,1.64161
1000,3440,31520,50031,1.58728
1000,3442,31657,51526,1.62763
1000,3444,31797,49281,1.54986
1000,3446,33023,53136,1.60906
1000,3448,32030,50731,1.58386
1000,3450,31961,50643,1.58452
1000,3452,31066,49026,1.57812
1000,3454,31069,50569,1.62764
1000,3456,31440,49749,1.58235
1000,3458,30759,49160,1.59823
1000,3460,30949,49892,1.61207
1000,3462,32447,51891,1.59925
1000,3464,32222,51558,1.60009
1000,3466,32818,50891,1.5507
1000,3468,31343,51306,1.63692
1000,3470,31733,50481,1.5908
1000,3472,31536,51553,1.63473
1000,3474,31768,50388,1.58612
1000,3476,30071,49988,1.66233
1000,3478,31191,50268,1.61162
1000,3480,31792,50743,1.59609
1000,3482,30480,50407,1.65377
1000,3484,31712,49923,1.57426
1000,3486,30601,49904,1.6308
1000,3488,32180,51054,1.58651
1000,3490,31588,50844,1.6096
1000,3492,32729,51885,1.58529
1000,3494,31331,50988,1.6274
1000,3496,30652,49541,1.61624
1000,3498,31624,50829,1.60729
1000,3500,32040,51736,1.61473
1000,3502,32399,50646,1.5632
1000,3504,30717,50080,1.63037
1000,3506,31773,51354,1.61628
1000,3508,31637,51125,1.61599
1000,3510,31146,50468,1.62037
1000,3512,31095,50687,1.63007
1000,3514,31222,49386,1.58177
1000,3516,30941,50273,1.6248
1000,3518,31176,50390,1.61631
1000,3520,30467,49034,1.60941
1000,3522,32618,53124,1.62867
1000,3524,30949,48649,1.57191
1000,3526,31385,51099,1.62813
1000,3528,31311,50365,1.60854
1000,3530,31306,51024,1.62985
1000,3532,30260,49100,1.6226
1001,3532,30105,50005,1.66102
1000,3534,30140,49824,1.65309
1000,3536,30718,50252,1.63591
1000,3538,30803,50518,1.64004
1000,3540,31567,50570,1.60199
1000,3542,31336,51138,1.63192
1000,3544,32006,52938,1.654
1000,3546,29748,49196,1.65376
1000,3548,30721,50136,1.63198
1000,3550,31286,50466,1.61305
1000,3552,30575,50755,1.66002
1000,3554,30101,49512,1.64486
1000,3556,30348,50800,1.67392
1000,3558,30908,49847,1.61275
1000,3560,31102,49151,1.58032
1000,3562,28853,48001,1.66364
1000,3564,30975,50509,1.63064
1000,3566,31347,51610,1.64641
1000,3568,31228,51852,1.66043
1000,3570,30851,50523,1.63765
1000,3572,31528,51483,1.63293
1000,3574,30173,50626,1.67786
1000,3576,30880,50931,1.64932
1000,3578,31625,50879,1.60882
1000,3580,29837,50027,1.67668
1000,3582,30528,50240,1.6457
1000,3584,31069,49865,1.60498
1000,3586,30696,50796,1.65481
1000,3588,30941,50038,1.61721
1000,3590,30857,49678,1.60994
1000,3592,30014,49325,1.6434
1000,3594,29849,49337,1.65289
1000,3596,32814,52152,1.58932
1000,3598,30718,51177,1.66603
1000,3600,30794,51280,1.66526
1000,3602,30828,50124,1.62592
1000,3604,31777,50890,1.60147
1000,3606,31313,52472,1.67573
1000,3608,30841,51128,1.65779
1000,3610,30445,50087,1.64516
1000,3612,30569,50999,1.66832
1000,3614,30407,50698,1.66731
1000,3616,31185,52030,1.66843
1000,3618,30754,51145,1.66304
1000,3620,28874,49937,1.72948
1000,3622,31107,51633,1.65985
1000,3624,31700,52004,1.6405
1000,3626,28698,49106,1.71113
1000,3628,29994,49819,1.66097
1000,3630,31550,50330,1.59525
1000,3632,30294,49853,1.64564
1000,3634,30539,50723,1.66093
1001,3634,30707,50382,1.64073
1000,3636,29881,50182,1.67939
1000,3638,30167,50799,1.68393
1000,3640,28605,49087,1.71603
1000,3642,29380,49035,1.66899
1000,3644,31271,52164,1.66813
1000,3646,29782,49471,1.6611
1000,3648,29754,49672,1.66942
1000,3650,30592,52203,1.70643
1000,3652,31780,51888,1.63272
1000,3654,30740,52497,1.70777
1000,3656,29497,49160,1.66661
1000,3658,29857,51128,1.71243
1000,3660,30521,50418,1.65191
1000,3662,30161,51195,1.69739
1000,3664,31022,50639,1.63236
1000,3666,30182,50641,1.67785
1000,3668,30476,51392,1.68631
1000,3670,28539,49505,1.73464
1000,3672,29679,49600,1.67122
1000,3674,30557,51075,1.67147
1000,3676,30289,51499,1.70025
1000,3678,29024,48116,1.6578
1000,3680,30303,50711,1.67346
1000,3682,30326,51151,1.6867
1000,3684,30136,49442,1.64063
1000,3686,30308,51070,1.68503
1000,3688,30467,50700,1.6641
1000,3690,29723,50771,1.70814
1000,3692,30012,51076,1.70185
1000,3694,30664,51759,1.68794
1000,3696,29251,49531,1.69331
1000,3698,30129,50331,1.67052
1000,3700,30729,51074,1.66208
1000,3702,29587,50225,1.69754
1000,3704,29455,50165,1.70311
1000,3706,30573,50688,1.65793
1000,3708,29090,50947,1.75136
1000,3710,29352,49640,1.6912
1000,3712,30231,50453,1.66892
1000,3714,29316,50333,1.71691
1000,3716,29102,49758,1.70978
1000,3718,30318,51198,1.6887
1000,3720,30962,51474,1.66249
1000,3722,29365,49459,1.68428
1000,3724,28555,48793,1.70874
1000,3726,28933,48944,1.69163
1000,3728,30684,50754,1.65409
1000,3730,29317,48567,1.65662
1000,3732,30313,50828,1.67677
1000,3734,30337,52157,1.71925
1000,3736,29023,49025,1.68918
1001,3736,30189,51414,1.70307
1000,3738,29497,50790,1.72187
1000,3740,31174,52232,1.6755
1000,3742,29878,50971,1.70597
1000,3744,31018,51628,1.66445
1000,3746,28134,49632,1.76413
1000,3748,29098,50221,1.72593
1000,3750,29158,51831,1.77759
1000,3752,28897,50123,1.73454
1000,3754,29072,49004,1.68561
1000,3756,28305,49831,1.7605
1000,3758,28517,50085,1.75632
1000,3760,28887,50207,1.73805
1000,3762,28748,48796,1.69737
1000,3764,30591,51277,1.67621
1000,3766,31469,52440,1.6664
1000,3768,28803,49425,1.71597
1000,3770,29185,50367,1.72578
1000,3772,30905,52728,1.70613
1000,3774,29020,50825,1.75138
1000,3776,29490,50462,1.71116
1000,3778,29254,50554,1.72811
1000,3780,29105,50615,1.73905
1000,3782,29834,51432,1.72394
1000,3784,28893,49494,1.71301
1000,3786,29457,50080,1.70011
1000,3788,30226,51056,1.68914
1000,3790,27765,50133,1.80562
1000,3792,27623,49123,1.77834
1000,3794,28687,50212,1.75034
1000,3796,29199,50974,1.74574
1000,3798,28626,50158,1.75218
1000,3800,29114,50485,1.73405
1000,3802,29918,50540,1.68928
1000,3804,30802,53309,1.7307
1000,3806,29911,51102,1.70847
1000,3808,29272,51867,1.7719
1000,3810,29502,50114,1.69866
1000,3812,28427,50297,1.76934
1000,3814,28839,51313,1.77929
1000,3816,30294,50834,1.67802
1000,3818,28807,51946,1.80324
1000,3820,28122,50091,1.7812
1000,3822,28413,49607,1.74593
1000,3824,28713,49165,1.71229
1000,3826,28464,49933,1.75425
1000,3828,29483,49696,1.68558
1000,3830,29350,50348,1.71543
1000,3832,29492,50595,1.71555
1000,3834,28854,50903,1.76416
1000,3836,29781,51785,1.73886
1000,3838,28354,49602,1.74938
1001,3838,28667,50552,1.76342
1000,3840,29695,52263,1.75999
1000,3842,28301,49548,1.75075
1000,3844,28523,49925,1.75034
1000,3846,28985,52506,1.81149
1000,3848,28796,51370,1.78393
1000,3850,28386,50094,1.76474
1000,3852,28780,50248,1.74593
1000,3854,27903,49940,1.78977
1000,3856,28613,49459,1.72855
1000,3858,28790,51408,1.78562
1000,3860,29692,50191,1.69039
1000,3862,28330,49263,1.7389
1000,3864,28507,49430,1.73396
1000,3866,29986,51968,1.73308
1000,3868,27951,50108,1.79271
1000,3870,29334,51674,1.76157
1000,3872,29175,51038,1.74937
1000,3874,28291,48569,1.71677
1000,3876,29046,50300,1.73174
1000,3878,28038,49994,1.78308
1000,3880,28824,50925,1.76676
1000,3882,26833,49173,1.83256
1000,3884,28290,50054,1.76932
1000,3886,30012,50800,1.69266
1000,3888,28110,50904,1.81089
1000,3890,28643,50072,1.74814
1000,3892,28111,49845,1.77315
1000,3894,28530,50211,1.75994
1000,3896,28113,50740,1.80486
1000,3898,28601,50845,1.77774
1000,3900,27657,48861,1.76668
1000,3902,28447,50395,1.77154
1000,3904,28215,49992,1.77182
1000,3906,27160,50165,1.84702
1000,3908,29035,50667,1.74503
1000,3910,28172,50952,1.8086
1000,3912,28581,50177,1.75561
1000,3914,29805,52541,1.76283
1000,3916,28277,48955,1.73127
1000,3918,28760,49816,1.73213
1000,3920,28280,50476,1.78487
1000,3922,28596,50225,1.75636
1000,3924,28771,50208,1.74509
1000,3926,28398,50712,1.78576
1000,3928,29205,50755,1.73789
1000,3930,27689,49426,1.78504
1000,3932,29221,50603,1.73173
1000,3934,28355,50848,1.79326
1000,3936,26873,51065,1.90023
1000,3938,28255,50159,1.77523
1000,3940,28202,50340,1.78498
1001,3940,28795,50150,1.74162
1000,3942,28215,50738,1.79826
1000,3944,28003,50448,1.80152
1000,3946,29222,50655,1.73345
1000,3948,27880,50641,1.81639
1000,3950,27907,48531,1.73903
1000,3952,27670,49437,1.78666
1000,3954,28746,50325,1.75068
1000,3956,27714,50094,1.80753
1000,3958,27861,49842,1.78895
1000,3960,27652,50819,1.83781
1000,3962,28541,51605,1.8081
1000,3964,27844,50148,1.80103
1000,3966,27975,51212,1.83063
1000,3968,27538,49699,1.80474
1000,3970,30093,52586,1.74745
1000,3972,29572,51807,1.75189
1000,3974,28478,50742,1.7818
1000,3976,27386,49798,1.81837
1000,3978,28221,50853,1.80196
1000,3980,28875,51398,1.78002
1000,3982,28444,50885,1.78895
1000,3984,27744,50142,1.80731
1000,3986,27130,49529,1.82562
1000,3988,28310,49992,1.76588
1000,3990,26528,48829,1.84066
1000,3992,28783,50636,1.75923
1000,3994,27085,49494,1.82736
1000,3996,27680,50145,1.8116
1000,3998,28740,50357,1.75216
1000,4000,27607,49340,1.78723
1000,4002,28290,51261,1.81198
1000,4004,28443,50298,1.76838
1000,4006,27303,49660,1.81885
1000,4008,28878,51005,1.76622
1000,4010,29040,51499,1.77338
1000,4012,28754,50791,1.7664
1000,4014,27905,50139,1.79677
1000,4016,29631,51505,1.73821
1000,4018,28588,50723,1.77428
1000,4020,27592,49149,1.78128
1000,4022,27469,49105,1.78765
1000,4024,27801,50126,1.80303
1000,4026,26368,49672,1.8838
1000,4028,28886,51357,1.77792
1000,4030,27604,50545,1.83108
1000,4032,27570,50157,1.81926
1000,4034,26475,49039,1.85228
1000,4036,29100,52478,1.80337
1000,4038,27399,50901,1.85777
1000,4040,27786,50538,1.81883
1000,4042,27229,50694,1.86177
1001,4042,26761,51007,1.90602
1000,4044,27562,49991,1.81377
1000,4046,27415,50995,1.86011
1000,4048,28856,50127,1.73714
1000,4050,26465,48126,1.81848
1000,4052,26597,49245,1.85152
1000,4054,27579,50955,1.8476
1000,4056,26633,50138,1.88255
1000,4058,27718,51195,1.84699
1000,4060,26990,50464,1.86973
1000,4062,29112,51256,1.76065
1000,4064,25630,48366,1.88709
1000,4066,27646,51162,1.85061
1000,4068,26678,50484,1.89235
1000,4070,27531,50615,1.83847
1000,4072,28166,50252,1.78414
1000,4074,27981,50532,1.80594
1000,4076,27943,50496,1.80711
1000,4078,27647,50253,1.81767
1000,4080,27633,50784,1.8378
1000,4082,27941,51475,1.84227
1000,4084,26486,49730,1.8776
1000,4086,27907,50872,1.82291
1000,4088,28517,51284,1.79837
1000,4090,27637,50977,1.84452
1000,4092,27783,50908,1.83234
1000,4094,26004,47943,1.84368
1000,4096,28002,50536,1.80473
1000,4098,25938,51154,1.97216
1000,4100,28281,51902,1.83523
1000,4102,26233,49787,1.89788
1000,4104,27500,50465,1.83509
1000,4106,28448,50417,1.77225
1000,4108,27651,51428,1.8599
1000,4110,26758,50589,1.89061
1000,4112,27055,49941,1.84591
1000,4114,27610,50894,1.84332
1000,4116,26840,51005,1.90034
1000,4118,25719,49285,1.91629
1000,4120,25603,48854,1.90814
1000,4122,26710,49801,1.86451
1000,4124,26351,49300,1.8709
1000,4126,26974,49415,1.83195
1000,4128,27810,51802,1.86271
1000,4130,26082,49119,1.88325
1000,4132,24907,48562,1.94973
1000,4134,25868,48612,1.87923
1000,4136,27124,50169,1.84962
1000,4138,27415,51236,1.8689
1000,4140,26712,49760,1.86283
1000,4142,26172,48714,1.8613
1000,4144,27863,51972,1.86527
1001,4144,27577,51525,1.8684
1000,4146,27460,51181,1.86384
1000,4148,26964,51086,1.8946
1000,4150,27666,52138,1.88455
1000,4152,26989,49417,1.83101
1001,4246,26994,51632,1.91272
1001,4348,26758,51041,1.9075
1001,4450,25201,49843,1.97782
1001,4552,25639,51485,2.00807
1001,4654,24602,49567,2.01475
1001,4756,24218,51180,2.1133
1001,4858,24129,49979,2.07132
1001,4960,22801,49486,2.17034
1001,5062,23243,51556,2.21813
1001,5164,22927,52220,2.27766
1001,5266,22815,51255,2.24655
1001,5368,22538,52603,2.33397
1001,5470,20639,49194,2.38355
1001,5572,20780,51819,2.4937
1001,5674,19746,48976,2.4803
1001,5776,20643,51359,2.48796
1001,5878,20372,50350,2.47153
1001,5980,18951,49656,2.62023
1001,6082,20322,50145,2.46752
1001,6184,19317,51370,2.65932
1001,6286,18556,48008,2.5872
1001,6388,18521,50469,2.72496
1001,6490,19092,50049,2.62146
1001,6592,17629,51662,2.93051
1001,6694,17841,51745,2.90034
1001,6796,17917,50894,2.84054
1001,6898,17462,51333,2.9397
1001,7000,17230,50688,2.94185
1001,7102,16850,49335,2.92789
1001,7204,16710,50474,3.02059
1001,7306,16731,49422,2.95392
1001,7408,16039,51338,3.20082
1001,7510,16179,51400,3.17696
1001,7612,15678,50914,3.24748
1001,7714,16015,52291,3.26513
1001,7816,14469,49664,3.43244
1001,7918,16059,51181,3.18706
1001,8020,15248,49570,3.25092
1001,8122,14728,49936,3.39055
1001,8224,14871,50957,3.4266
1001,8326,14435,51537,3.57028
1001,8428,14025,50300,3.58645
1001,8530,14054,50778,3.61306
1001,8632,13856,50497,3.64441
1001,8734,13523,52008,3.84589
1001,8836,13093,50978,3.89353
1001,8938,14951,50966,3.40887
1001,9040,13236,50770,3.83575
1001,9142,13668,49814,3.64457
1001,9244,13042,49901,3.82618
1001,9346,13475,49654,3.6849
1001,9448,12628,51199,4.0544
1001,9550,13074,48152,3.68304
1001,9652,12687,47603,3.75211
1001,9754,12242,48722,3.97991
1001,9856,12259,50962,4.15711
1001,9958,12383,51565,4.16418
1001,10060,12180,52493,4.30977
1001,10162,12301,50281,4.08755
1001,10264,11864,50745,4.27723
1001,10366,11848,48973,4.13344
1001,10468,11913,50628,4.24981
1001,10570,12633,51099,4.04488
1001,10672,11981,50463,4.21192
1001,10774,11266,49692,4.41079
1001,10876,11141,50686,4.5495
1001,10978,10828,49075,4.53223
1001,11080,10756,50892,4.7315
1001,11182,10944,49371,4.51124
1001,11284,10813,49663,4.5929
1001,11386,10823,49457,4.56962
1001,11488,10538,50435,4.78601
1001,11590,10587,50411,4.76159
1001,11692,11149,50669,4.54471
1001,11794,10179,51506,5.06003
1001,11896,10429,50349,4.82779
1001,11998,10017,50359,5.02735
1001,12100,10522,50362,4.78635
1001,12202,10642,50189,4.71612
1001,12304,10603,51370,4.84486
1001,12406,10328,50022,4.84334
1001,12508,10109,50740,5.01929
1001,12610,10426,49783,4.77489
1001,12712,10029,51579,5.14299
1001,12814,10351,49470,4.77925
1001,12916,9473,49231,5.19698
1001,13018,9100,50512,5.55077
1001,13120,9500,49872,5.24968
1001,15002,8265,50827,6.14967
1000,20002,6325,48980,7.74387
1001,20004,6425,50441,7.85074
1001,25006,5185,50253,9.692
1001,30008,4639,50115,10.803
1001,35010,4047,49864,12.3212
1001,40012,3355,51709,15.4125
1001,45014,3202,50183,15.6724
1001,50016,2988,50755,16.9863
1001,55018,3399,50376,17.5294
1001,55018,2723,49506,18.1807
1001,60020,2630,48996,18.6297
1001,65022,2432,51163,21.0374
1001,70024,2208,50829,23.0204
1000,74008,19464,49856,16.3333
1001,75026,2075,49734,23.9682
1001,80028,2028,51051,25.1731
1001,85030,1881,49674,26.4083
1001,90032,1900,51871,27.3005
1001,95034,1802,49422,27.4262
1001,100002,1735,48756,28.1014
1001,150004,1375,48810,35.4982
1001,200006,1178,50514,42.8812
1000,200022,1188,49669,41.8089
1001,250008,1087,50362,46.3312
1001,275009,1186,50012,43.125
1001,300010,1057,51111,48.3548
1001,350012,1032,49957,48.4079
1001,400014,1021,50372,49.3359
1001,450016,1007,50215,49.8659
