n,d,Exact,Approx,Factor,Factor*1.2,size,time(s),time(us)
50,50,21.5091,28.5344,1.326619896,1.591943875,3,0.0331104,33110.4
50,100,29.0965,38.2406,1.314268039,1.577121647,2,0.0427691,42769.1
50,150,35.4799,47.7811,1.346708982,1.616050778,2,0.0639676,63967.6
50,200,41.0132,48.7879,1.189565798,1.427478958,1,0.0571866,57186.6
50,250,45.5678,54.3195,1.192058866,1.430470639,1,0.0712217,71221.7
50,300,49.5875,63.7159,1.284918578,1.541902294,1,0.0837901,83790.1
50,350,53.588,68.2052,1.272770023,1.527324028,1,0.0984996,98499.6
50,400,57.4754,69.9816,1.217592222,1.461110666,1,0.113637,113637
50,450,60.7899,75.0753,1.234996274,1.481995529,1,0.129247,129247
50,500,64.0277,83.3592,1.301924011,1.562308813,1,0.149874,149874
50,550,67.0455,87.6837,1.307823791,1.56938855,1,0.157688,157688
50,600,70.1547,90.1125,1.284482722,1.541379266,1,0.166185,166185
50,650,72.8718,90.0675,1.23597194,1.483166328,1,0.180012,180012
50,700,75.5722,92.6481,1.225954782,1.471145739,1,0.197738,197738
50,750,78.3315,99.2551,1.267116039,1.520539247,1,0.208683,208683
50,800,80.9331,105.357,1.301778877,1.562134652,1,0.222305,222305
50,850,83.182,106.557,1.281010315,1.537212378,1,0.244752,244752
50,900,85.7309,108.922,1.270510399,1.524612479,1,0.261309,261309
50,950,88.0886,113.7,1.290745908,1.54889509,1,0.262524,262524
50,1000,90.2298,115.032,1.274878144,1.529853773,1,0.280089,280089
100,100,29.8473,38.2406,1.281208015,1.537449619,2,0.0497156,49715.6
100,150,35.8823,46.0104,1.282258941,1.538710729,2,0.0719424,71942.4
100,200,41.4998,50.389,1.214198623,1.457038347,1,0.0685228,68522.8
100,250,46.2882,57.1752,1.235200332,1.482240398,1,0.0910469,91046.9
100,300,50.4009,65.255,1.294718944,1.553662732,1,0.103286,103286
100,350,54.2836,68.72,1.265944042,1.51913285,1,0.121553,121553
100,400,58.0874,74.3378,1.279757744,1.535709293,1,0.137573,137573
100,450,61.4326,78.4061,1.276294671,1.531553605,1,0.153756,153756
100,500,64.6999,81.1031,1.25352744,1.504232928,1,0.170881,170881
100,550,67.8465,82.867,1.22138946,1.465667352,1,0.188233,188233
100,600,70.7015,89.3087,1.263179706,1.515815647,1,0.203139,203139
100,650,73.6522,91.6458,1.24430499,1.493165988,1,0.2193,219300
100,700,76.3623,93.2408,1.221031844,1.465238213,1,0.236263,236263
100,750,79.0151,101.953,1.290297677,1.548357213,1,0.253621,253621
100,800,81.6823,102.12,1.250209654,1.500251584,1,0.268068,268068
100,850,83.9793,108.441,1.291282495,1.549538994,1,0.28642,286420
100,900,86.5877,106.91,1.234701926,1.481642312,1,0.308527,308527
100,950,88.8065,113.343,1.276291713,1.531550055,1,0.319152,319152
100,1000,91.1726,114.835,1.259534114,1.511440937,1,0.33945,339450
150,50,21.7029,29.961,1.380506753,1.656608103,2,0.0332498,33249.8
150,100,30.0254,38.1239,1.269721636,1.523665963,2,0.0604115,60411.5
150,150,36.2857,44.2511,1.219518984,1.463422781,1,0.0656441,65644.1
150,200,41.8247,52.83,1.263129204,1.515755044,1,0.0819961,81996.1
150,250,46.7018,57.1752,1.224261163,1.469113396,1,0.101744,101744
150,300,50.6811,60.681,1.19731024,1.436772288,1,0.125633,125633
150,350,54.5327,69.2426,1.269744575,1.52369349,1,0.141867,141867
150,400,58.4037,72.4503,1.240508735,1.488610482,1,0.157538,157538
150,450,61.8085,78.1939,1.26509946,1.518119353,1,0.179625,179625
150,500,65.1053,81.1031,1.24572193,1.494866317,1,0.201638,201638
150,550,68.2882,82.867,1.2134893,1.45618716,1,0.220727,220727
150,600,71.1692,91.3225,1.283174463,1.539809356,1,0.238487,238487
150,650,74.007,90.1619,1.218288811,1.461946573,1,0.270057,270057
150,700,76.7752,93.2408,1.214465088,1.457358105,1,0.279372,279372
150,750,79.4286,95.4987,1.20232133,1.442785596,1,0.295991,295991
150,800,82.1456,99.5281,1.211605978,1.453927173,1,0.314739,314739
150,850,84.5184,101.814,1.204637097,1.445564516,1,0.333105,333105
150,900,87.1214,106.91,1.227138223,1.472565868,1,0.357629,357629
150,950,89.3595,113.343,1.2683934,1.52207208,1,0.37504,375040
150,1000,91.5932,114.835,1.253750278,1.504500334,1,0.399166,399166
200,50,22.0761,29.961,1.357169065,1.628602878,2,0.0353471,35347.1
200,100,30.1489,38.662,1.282368511,1.538842213,2,0.0632922,63292.2
200,150,36.5317,44.2511,1.211306892,1.453568271,1,0.0738381,73838.1
200,200,42.0437,53.364,1.269250803,1.523100964,1,0.0929201,92920.1
200,250,46.7695,56.491,1.207859823,1.449431788,1,0.115717,115717
200,300,50.886,60.4536,1.188020281,1.425624337,1,0.138325,138325
200,350,54.9214,69.2426,1.260758102,1.512909722,1,0.166413,166413
200,400,58.6087,72.4503,1.236169715,1.483403659,1,0.186335,186335
200,450,62.1436,74.7075,1.202175284,1.442610341,1,0.220526,220526
200,500,65.4188,81.7894,1.250243049,1.500291659,1,0.229447,229447
200,550,68.5501,81.3175,1.186249181,1.423499018,1,0.251864,251864
200,600,71.4571,91.3225,1.278004565,1.533605478,1,0.282409,282409
200,650,74.3713,90.1619,1.212321151,1.454785381,1,0.297569,297569
200,700,77.2311,93.2408,1.207296025,1.448755229,1,0.320659,320659
200,750,79.8089,99.6664,1.248813102,1.498575723,1,0.341699,341699
200,800,82.4507,99.8776,1.211361456,1.453633747,1,0.364982,364982
200,850,84.908,106.868,1.258632873,1.510359448,1,0.390524,390524
200,900,87.2649,106.91,1.225120295,1.470144354,1,0.414211,414211
200,950,89.5986,113.343,1.265008605,1.518010326,1,0.430287,430287
200,1000,91.7531,114.835,1.251565342,1.501878411,1,0.480207,480207
250,50,22.2393,30.1765,1.356899723,1.628279667,3,0.0463801,46380.1
250,100,30.3053,38.662,1.275750446,1.530900536,2,0.0707681,70768.1
250,150,36.7657,44.2511,1.203597375,1.44431685,1,0.0826251,82625.1
250,200,42.1322,47.8912,1.136688803,1.364026564,1,0.113463,113463
250,250,46.9309,56.491,1.203705874,1.444447049,1,0.132012,132012
250,300,51.1754,60.4536,1.181301954,1.417562344,1,0.158328,158328
250,350,55.0957,69.2426,1.256769585,1.508123501,1,0.191336,191336
250,400,58.787,71.6858,1.219415857,1.463299029,1,0.206713,206713
250,450,62.3779,74.7075,1.197659748,1.437191698,1,0.232571,232571
250,500,65.6082,81.7894,1.246633805,1.495960566,1,0.259622,259622
250,550,68.9041,84.1139,1.220738679,1.464886415,1,0.285409,285409
250,600,71.7611,89.1634,1.24250325,1.4910039,1,0.309974,309974
250,650,74.6239,91.358,1.224245852,1.469095022,1,0.349163,349163
250,700,77.3501,94.9627,1.22769977,1.473239724,1,0.363937,363937
250,750,79.9303,99.6664,1.246916376,1.496299651,1,0.385785,385785
250,800,82.5576,99.8776,1.20979292,1.451751504,1,0.412684,412684
250,850,85.0194,106.868,1.2569837,1.50838044,1,0.437257,437257
250,900,87.326,106.91,1.224263106,1.469115727,1,0.464664,464664
250,950,89.6854,113.343,1.263784295,1.516541154,1,0.489599,489599
250,1000,91.9216,114.835,1.249271118,1.499125342,1,0.512492,512492
300,50,22.2959,29.5114,1.323624523,1.588349427,3,0.0489922,48992.2
300,100,30.3984,38.662,1.271843255,1.526211906,2,0.0763198,76319.8
300,150,36.8441,44.2511,1.201036258,1.44124351,1,0.0947231,94723.1
300,200,42.278,56.4981,1.336347509,1.603617011,2,0.145691,145691
300,250,47.0073,54.6392,1.162355634,1.394826761,1,0.147818,147818
300,300,51.3102,59.4537,1.158711133,1.39045336,1,0.175196,175196
300,350,55.2364,64.8502,1.174048273,1.408857927,1,0.204608,204608
300,400,58.9472,73.251,1.242654443,1.491185332,1,0.242841,242841
300,450,62.6027,74.7075,1.193359072,1.432030887,1,0.260916,260916
300,500,65.9123,80.0979,1.215219314,1.458263177,1,0.289572,289572
300,550,69.1248,84.1139,1.216841134,1.46020936,1,0.319928,319928
300,600,71.8602,89.1634,1.240789756,1.488947707,1,0.347475,347475
300,650,74.7284,91.358,1.222533869,1.467040643,1,0.389269,389269
300,700,77.4514,94.9627,1.226094041,1.471312849,1,0.402576,402576
300,750,80.0144,99.6664,1.245605791,1.494726949,1,0.451501,451501
300,800,82.6704,99.8776,1.208142213,1.449770656,1,0.470441,470441
300,850,85.0996,106.868,1.255799087,1.506958905,1,0.502081,502081
300,900,87.4303,106.91,1.222802621,1.467363145,1,0.526845,526845
300,950,89.7562,112.788,1.256604001,1.507924801,1,0.544071,544071
300,1000,92.0096,114.099,1.240077122,1.488092547,1,0.575164,575164
350,50,22.4101,29.5114,1.316879443,1.580255331,3,0.0548873,54887.3
350,100,30.4639,38.662,1.269108683,1.522930419,2,0.08259,82590
350,150,36.864,44.2511,1.200387912,1.440465495,1,0.100971,100971
350,200,42.3767,56.7699,1.339648911,1.607578693,2,0.158764,158764
350,250,47.1217,64.2352,1.363176626,1.635811951,2,0.194958,194958
350,300,51.4069,59.4537,1.156531516,1.387837819,1,0.195953,195953
350,350,55.4157,64.8502,1.170249586,1.404299504,1,0.224434,224434
350,400,59.2229,74.7996,1.263018191,1.515621829,1,0.255826,255826
350,450,62.638,74.7075,1.192686548,1.431223858,1,0.292857,292857
350,500,66.0072,80.0979,1.213472167,1.4561666,1,0.320002,320002
350,550,69.1936,84.1139,1.215631214,1.458757457,1,0.350504,350504
350,600,71.8963,89.1634,1.24016674,1.488200088,1,0.379964,379964
350,650,74.7951,91.358,1.221443651,1.465732381,1,0.415168,415168
350,700,77.5318,96.5113,1.244796329,1.493755594,1,0.446979,446979
350,750,80.0973,99.6664,1.2443166,1.49317992,1,0.478477,478477
350,800,82.7513,107.695,1.301429706,1.561715647,1,0.51187,511870
350,850,85.1911,102.804,1.206745775,1.44809493,1,0.561802,561802
350,900,87.4759,110.832,1.267000397,1.520400476,1,0.572446,572446
350,950,89.8371,112.788,1.255472405,1.506566886,1,0.599789,599789
350,1000,92.0849,113.168,1.228952847,1.474743416,1,0.656422,656422
400,50,22.4258,30.1765,1.345615318,1.614738382,3,0.05922,59220
400,100,30.6189,38.662,1.262684159,1.515220991,2,0.0933849,93384.9
400,150,37.1034,44.2511,1.192642723,1.431171267,1,0.111213,111213
400,200,42.4713,50.3327,1.185099114,1.422118937,1,0.145087,145087
400,250,47.2526,64.2352,1.359400329,1.631280395,2,0.210357,210357
400,300,51.5069,59.4537,1.154286125,1.38514335,1,0.221946,221946
400,350,55.6008,70.3569,1.265393663,1.518472396,1,0.248585,248585
400,400,59.3035,74.7996,1.26130161,1.513561931,1,0.28211,282110
400,450,62.7491,74.7075,1.190574845,1.428689814,1,0.317036,317036
400,500,66.0457,80.0979,1.212764798,1.455317757,1,0.351991,351991
400,550,69.2045,84.1139,1.215439747,1.458527697,1,0.396936,396936
400,600,71.9835,89.1634,1.238664416,1.486397299,1,0.420896,420896
400,650,74.8353,92.3941,1.234632586,1.481559104,1,0.451711,451711
400,700,77.624,99.4752,1.281500567,1.53780068,1,0.482825,482825
400,750,80.1556,103.686,1.293559028,1.552270833,1,0.5428,542800
400,800,82.8092,107.695,1.300519749,1.560623699,1,0.580099,580099
400,850,85.2972,102.804,1.205244721,1.446293665,1,0.589292,589292
400,900,87.5375,110.832,1.266108811,1.519330573,1,0.6252,625200
400,950,89.8733,112.788,1.254966714,1.505960057,1,0.664684,664684
400,1000,92.1782,113.168,1.227708938,1.473250725,1,0.708705,708705
450,50,22.5785,30.1765,1.336514826,1.603817791,3,0.0632187,63218.7
450,100,30.6797,36.2391,1.181207769,1.417449323,1,0.0824486,82448.6
450,150,37.2151,44.2511,1.189063042,1.42687565,1,0.12086,120860
450,200,42.5602,48.6215,1.142417094,1.370900513,1,0.156428,156428
450,250,47.2972,54.6392,1.155231176,1.386277412,1,0.193341,193341
450,300,51.7107,59.4537,1.149736902,1.379684282,1,0.231954,231954
450,350,55.6285,70.3569,1.264763565,1.517716279,1,0.284562,284562
450,400,59.4016,74.7996,1.259218607,1.511062328,1,0.304386,304386
450,450,62.7829,74.7075,1.189933883,1.42792066,1,0.343309,343309
450,500,66.0805,80.0979,1.212126119,1.454551343,1,0.378314,378314
450,550,69.2558,84.1139,1.214539432,1.457447318,1,0.434452,434452
450,600,72.0398,89.1634,1.237696384,1.485235661,1,0.454119,454119
450,650,74.9102,92.3941,1.233398122,1.480077746,1,0.491725,491725
450,700,77.6639,99.4752,1.280842193,1.537010632,1,0.530796,530796
450,750,80.211,103.686,1.292665594,1.551198713,1,0.567825,567825
450,800,82.8442,107.695,1.299970306,1.559964367,1,0.60612,606120
450,850,85.3336,102.804,1.20473061,1.445676732,1,0.648526,648526
450,900,87.581,110.832,1.265479956,1.518575947,1,0.676702,676702
450,950,89.9291,112.788,1.254188021,1.505025626,1,0.72317,723170
450,1000,92.2649,113.168,1.226555277,1.471866333,1,0.777791,777791
500,50,22.6027,30.1765,1.335083862,1.602100634,3,0.0684076,68407.6
500,100,30.7051,36.2391,1.180230646,1.416276775,1,0.0895157,89515.7
500,150,37.3118,45.7278,1.22555867,1.470670405,2,0.146813,146813
500,200,42.602,48.6215,1.141296183,1.36955542,1,0.170245,170245
500,250,47.3964,54.6392,1.152813294,1.383375953,1,0.214694,214694
500,300,51.7746,59.4537,1.148317901,1.377981481,1,0.250049,250049
500,350,55.6942,70.3569,1.263271579,1.515925895,1,0.302291,302291
500,400,59.4312,74.7996,1.258591447,1.510309736,1,0.334417,334417
500,450,62.8622,74.7075,1.188432794,1.426119353,1,0.366277,366277
500,500,66.1011,80.0979,1.211748367,1.454098041,1,0.413766,413766
500,550,69.322,84.1139,1.213379591,1.456055509,1,0.472099,472099
500,600,72.0765,87.0904,1.208305065,1.449966078,1,0.490559,490559
500,650,74.9365,92.3941,1.232965244,1.479558293,1,0.545261,545261
500,700,77.7074,99.4752,1.280125188,1.536150225,1,0.573892,573892
500,750,80.2838,103.686,1.291493427,1.549792112,1,0.615863,615863
500,800,82.8521,101.431,1.224241751,1.469090102,1,0.64829,648290
500,850,85.3691,102.804,1.204229633,1.44507556,1,0.693902,693902
500,900,87.6862,110.832,1.263961718,1.516754062,1,0.730074,730074
500,950,90.0548,111.557,1.23876795,1.48652154,1,0.792444,792444
500,1000,92.3063,113.54,1.23003522,1.476042264,1,0.813119,813119
550,50,22.6526,29.9068,1.320236971,1.584284365,3,0.071468,71468
550,100,30.7641,36.2391,1.177967176,1.413560611,1,0.0963831,96383.1
550,150,37.3118,45.7278,1.22555867,1.470670405,2,0.155945,155945
550,200,42.6414,48.6215,1.140241643,1.368289972,1,0.1823,182300
550,250,47.4954,64.2352,1.352450974,1.622941169,2,0.253823,253823
550,300,51.8338,59.4537,1.147006394,1.376407672,1,0.268362,268362
550,350,55.7114,70.3569,1.262881565,1.515457878,1,0.309014,309014
550,400,59.5268,74.7996,1.25657015,1.50788418,1,0.353012,353012
550,450,62.881,74.7075,1.18807748,1.425692976,1,0.397923,397923
550,500,66.1507,80.0979,1.210839795,1.453007754,1,0.44163,441630
550,550,69.3675,89.6211,1.291975349,1.550370418,1,0.486593,486593
550,600,72.1052,87.0904,1.207824124,1.449388948,1,0.534318,534318
550,650,74.946,92.3941,1.232808956,1.479370747,1,0.576758,576758
550,700,77.7414,99.4752,1.279565328,1.535478394,1,0.626904,626904
550,750,80.2997,99.3937,1.237784201,1.485341041,1,0.658539,658539
550,800,82.9523,101.431,1.222762961,1.467315554,1,0.70253,702530
550,850,85.457,106.868,1.250547059,1.500656471,1,0.758534,758534
550,900,87.7397,110.832,1.263191007,1.515829208,1,0.787011,787011
550,950,90.0825,111.557,1.238387034,1.486064441,1,0.833618,833618
550,1000,92.3496,113.54,1.229458493,1.475350191,1,0.867984,867984
600,50,22.7,29.9068,1.317480176,1.580976211,3,0.0727039,72703.9
600,100,30.8966,42.6381,1.380025634,1.656030761,2,0.115109,115109
600,150,37.347,45.7278,1.224403567,1.46928428,2,0.16682,166820
600,200,42.6962,48.6215,1.138778158,1.36653379,1,0.195529,195529
600,250,47.5635,54.6392,1.148763232,1.378515879,1,0.242431,242431
600,300,51.8482,59.4537,1.146687831,1.376025397,1,0.288311,288311
600,350,55.7511,70.3569,1.261982275,1.51437873,1,0.355209,355209
600,400,59.5838,74.7996,1.25536807,1.506441684,1,0.400861,400861
600,450,62.9163,74.7075,1.187410894,1.424893072,1,0.445169,445169
600,500,66.1975,80.1282,1.210441482,1.452529778,1,0.471997,471997
600,550,69.3866,89.6211,1.291619708,1.549943649,1,0.519628,519628
600,600,72.1299,87.0904,1.207410519,1.448892623,1,0.564561,564561
600,650,74.9809,92.3941,1.232235143,1.478682171,1,0.606391,606391
600,700,77.752,99.4752,1.279390884,1.535269061,1,0.659193,659193
600,750,80.3459,99.8938,1.243296795,1.491956155,1,0.72511,725110
600,800,82.9744,100.028,1.205528452,1.446634143,1,0.764763,764763
600,850,85.4686,106.868,1.250377332,1.500452798,1,0.792095,792095
600,900,87.7877,110.832,1.262500327,1.515000393,1,0.847181,847181
600,950,90.0956,111.557,1.238206971,1.485848366,1,0.890302,890302
600,1000,92.4174,113.54,1.228556527,1.474267833,1,0.933956,933956
650,50,22.7131,29.9068,1.316720307,1.580064368,3,0.0754342,75434.2
650,100,30.986,36.2391,1.169531401,1.403437682,1,0.108251,108251
650,150,37.3498,45.6125,1.221224746,1.465469695,2,0.176482,176482
650,200,42.7383,48.6215,1.137656388,1.365187665,1,0.216572,216572
650,250,47.6439,64.2352,1.348235556,1.617882667,2,0.287027,287027
650,300,51.8714,59.4537,1.146174963,1.375409956,1,0.309646,309646
650,350,55.7512,70.3569,1.261980011,1.514376013,1,0.351299,351299
650,400,59.5844,74.7996,1.255355429,1.506426514,1,0.407169,407169
650,450,62.948,74.7075,1.186812925,1.42417551,1,0.4536,453600
650,500,66.2227,84.0802,1.269658289,1.523589947,1,0.501437,501437
650,550,69.3991,89.6211,1.291387064,1.549664477,1,0.569535,569535
650,600,72.1646,87.0904,1.206829942,1.44819593,1,0.624649,624649
650,650,75.0309,90.6726,1.20847011,1.450164132,1,0.656432,656432
650,700,77.792,99.4752,1.278733032,1.534479638,1,0.725517,725517
650,750,80.3748,99.8938,1.242849749,1.491419699,1,0.744452,744452
650,800,83.0188,100.028,1.204883713,1.445860456,1,0.824677,824677
650,850,85.4888,106.868,1.250081882,1.500098258,1,0.851169,851169
650,900,87.8258,110.832,1.261952638,1.514343166,1,0.909779,909779
650,950,90.1515,111.557,1.2374392,1.484927039,1,0.951123,951123
650,1000,92.4809,113.54,1.227712966,1.473255559,1,1.01802,1.02E+06
700,50,22.7297,30.1765,1.32762421,1.593149052,3,0.0820712,82071.2
700,100,30.9881,36.2391,1.169452145,1.403342573,1,0.113561,113561
700,150,37.3787,45.7278,1.223365179,1.468038214,2,0.189688,189688
700,200,42.8698,48.6215,1.134166709,1.361000051,1,0.217545,217545
700,250,47.6579,64.2352,1.347839498,1.617407397,2,0.303496,303496
700,300,51.8907,59.4537,1.14574866,1.374898392,1,0.333115,333115
700,350,55.8047,66.0202,1.183058058,1.419669669,1,0.393446,393446
700,400,59.6525,75.4789,1.26530992,1.518371904,1,0.424109,424109
700,450,62.9564,74.7075,1.186654574,1.423985488,1,0.485892,485892
700,500,66.2279,84.0802,1.2695586,1.52347032,1,0.532204,532204
700,550,69.4378,89.6211,1.290667331,1.548800797,1,0.603956,603956
700,600,72.1899,87.0904,1.20640699,1.447688389,1,0.657222,657222
700,650,75.0898,90.6726,1.207522193,1.449026632,1,0.689397,689397
700,700,77.865,99.4752,1.277534194,1.533041033,1,0.749279,749279
700,750,80.4154,99.8938,1.242222261,1.490666713,1,0.794525,794525
700,800,83.0191,100.028,1.204879359,1.445855231,1,0.865709,865709
700,850,85.5556,106.868,1.249105845,1.498927014,1,0.900573,900573
700,900,87.8447,110.832,1.261681126,1.514017351,1,0.957823,957823
700,950,90.1726,111.557,1.237149644,1.484579573,1,1.00788,1.01E+06
700,1000,92.53,113.54,1.227061494,1.472473792,1,1.06412,1.06E+06
750,50,22.7297,29.961,1.318143222,1.581771867,3,0.0874842,87484.2
750,100,31.075,39.6346,1.275449718,1.530539662,2,0.135901,135901
750,150,37.4041,45.7278,1.222534428,1.467041314,2,0.193429,193429
750,200,42.9278,48.6215,1.13263433,1.359161196,1,0.230981,230981
750,250,47.6812,54.6392,1.145927535,1.375113042,1,0.29858,298580
750,300,51.9282,59.4537,1.144921257,1.373905508,1,0.353874,353874
750,350,55.8256,66.0202,1.182615144,1.419138173,1,0.396914,396914
750,400,59.6617,75.4789,1.265114806,1.518137767,1,0.453727,453727
750,450,62.9706,74.7075,1.186386981,1.423664377,1,0.502143,502143
750,500,66.2531,84.0802,1.269075711,1.522890853,1,0.565586,565586
750,550,69.442,89.6211,1.290589269,1.548707122,1,0.614921,614921
750,600,72.2698,87.0904,1.205073212,1.446087854,1,0.677939,677939
750,650,75.1362,90.6726,1.206776494,1.448131793,1,0.745801,745801
750,700,77.896,99.4752,1.277025778,1.532430934,1,0.781408,781408
750,750,80.4384,103.577,1.287656144,1.545187373,1,0.841127,841127
750,800,83.0772,100.028,1.204036727,1.444844073,1,0.894734,894734
750,850,85.587,106.868,1.248647575,1.49837709,1,0.95142,951420
750,900,87.878,110.832,1.261203031,1.513443638,1,1.01018,1.01E+06
750,950,90.2099,111.557,1.236638107,1.483965729,1,1.06833,1.07E+06
750,1000,92.6409,113.54,1.225592584,1.470711101,1,1.12468,1.12E+06
800,50,22.8092,30.6031,1.34169984,1.610039808,3,0.0914922,91492.2
800,100,31.0913,39.6346,1.274781048,1.529737258,2,0.140821,140821
800,150,37.4984,45.7278,1.21946003,1.463352036,2,0.203928,203928
800,200,42.9936,48.6215,1.130900878,1.357081054,1,0.242326,242326
800,250,47.695,64.2352,1.346791068,1.616149282,2,0.333029,333029
800,300,51.9446,59.4537,1.144559781,1.373471737,1,0.359886,359886
800,350,55.8328,66.0202,1.182462638,1.418955166,1,0.415396,415396
800,400,59.674,75.4789,1.26485404,1.517824848,1,0.477395,477395
800,450,63.0061,74.7075,1.185718526,1.422862231,1,0.533467,533467
800,500,66.2701,84.0802,1.26875016,1.522500192,1,0.607279,607279
800,550,69.4689,89.6211,1.290089522,1.548107426,1,0.653725,653725
800,600,72.2993,87.0904,1.20458151,1.445497813,1,0.734823,734823
800,650,75.1548,90.6726,1.20647783,1.447773396,1,0.788498,788498
800,700,77.9096,99.4752,1.276802859,1.53216343,1,0.85114,851140
800,750,80.4778,103.577,1.287025739,1.544430887,1,0.914269,914269
800,800,83.101,100.028,1.203691893,1.444430272,1,0.949058,949058
800,850,85.6451,106.868,1.247800516,1.49736062,1,1.01329,1.01E+06
800,900,87.9124,110.832,1.260709524,1.512851429,1,1.06152,1.06E+06
800,950,90.3185,111.557,1.23515116,1.482181391,1,1.14268,1.14E+06
800,1000,92.6877,113.54,1.224973756,1.469968507,1,1.17319,1.17E+06
850,50,22.8092,30.1765,1.322996861,1.587596233,3,0.0919815,91981.5
850,100,31.0914,37.4052,1.203072232,1.443686679,2,0.149095,149095
850,150,37.5084,45.7278,1.219134914,1.462961897,2,0.212641,212641
850,200,42.9937,48.6215,1.130898248,1.357077897,1,0.259718,259718
850,250,47.6992,54.6392,1.145495103,1.374594123,1,0.315914,315914
850,300,51.9449,59.4537,1.144553171,1.373463805,1,0.379104,379104
850,350,55.8745,66.0202,1.181580148,1.417896178,1,0.43764,437640
850,400,59.6822,75.4789,1.264680256,1.517616308,1,0.502621,502621
850,450,63.0348,74.7075,1.185178663,1.422214396,1,0.558056,558056
850,500,66.2816,84.0802,1.268530029,1.522236035,1,0.61934,619340
850,550,69.4889,86.4415,1.243961266,1.492753519,1,0.681147,681147
850,600,72.3002,87.0904,1.204566516,1.445479819,1,0.747542,747542
850,650,75.1555,90.6726,1.206466593,1.447759911,1,0.822764,822764
850,700,77.9323,99.4752,1.276430954,1.531717144,1,0.871911,871911
850,750,80.5202,103.577,1.286348022,1.543617626,1,0.936896,936896
850,800,83.14,100.028,1.203127255,1.443752706,1,0.997165,997165
850,850,85.663,106.868,1.247539778,1.497047734,1,1.07914,1.08E+06
850,900,87.9684,110.832,1.259906967,1.51188836,1,1.1538,1.15E+06
850,950,90.3283,111.557,1.235017154,1.482020585,1,1.17607,1.18E+06
850,1000,92.7574,113.54,1.224053283,1.46886394,1,1.25401,1.25E+06
900,50,22.8221,29.961,1.312806446,1.575367736,3,0.0951608,95160.8
900,100,31.1227,36.5729,1.175119768,1.410143721,2,0.153802,153802
900,150,37.6445,45.7278,1.214727251,1.457672701,2,0.221204,221204
900,200,42.9949,48.6215,1.130866684,1.357040021,1,0.275506,275506
900,250,47.702,54.6392,1.145427865,1.374513438,1,0.337137,337137
900,300,51.979,59.4537,1.143802305,1.372562766,1,0.400116,400116
900,350,55.8763,66.5945,1.191820146,1.430184175,1,0.454003,454003
900,400,59.6846,75.4789,1.264629402,1.517555282,1,0.541659,541659
900,450,63.0354,74.7075,1.185167382,1.422200859,1,0.606591,606591
900,500,66.3441,82.1995,1.23898734,1.486784808,1,0.65008,650080
900,550,69.4959,86.4415,1.243835967,1.492603161,1,0.731562,731562
900,600,72.3325,87.0904,1.204028618,1.444834341,1,0.79163,791630
900,650,75.2164,90.6726,1.20548976,1.446587712,1,0.86505,865050
900,700,77.9697,99.4752,1.275818683,1.53098242,1,0.91464,914640
900,750,80.5575,103.577,1.285752413,1.542902895,1,0.986758,986758
900,800,83.1548,100.028,1.202913121,1.443495745,1,1.04851,1.05E+06
900,850,85.7725,106.868,1.245947128,1.495136553,1,1.13371,1.13E+06
900,900,87.9907,110.832,1.259587661,1.511505193,1,1.16155,1.16E+06
900,950,90.3772,111.557,1.234348929,1.481218714,1,1.2244,1.22E+06
900,1000,92.7953,113.54,1.223553348,1.468264018,1,1.30915,1.31E+06
950,50,22.9136,29.484,1.286746736,1.544096083,3,0.0959219,95921.9
950,100,31.1668,36.5175,1.171679479,1.406015375,2,0.1606,160600
950,150,37.6492,45.6125,1.211513126,1.453815752,2,0.232451,232451
950,200,42.9995,48.6215,1.130745706,1.356894848,1,0.280029,280029
950,250,47.721,64.2352,1.346057291,1.61526875,2,0.384669,384669
950,300,51.9844,59.4537,1.14368349,1.372420188,1,0.415101,415101
950,350,55.8939,66.5945,1.191444862,1.429733835,1,0.475376,475376
950,400,59.7128,75.4789,1.264032167,1.516838601,1,0.540481,540481
950,450,63.0985,74.7075,1.183982187,1.420778624,1,0.610901,610901
950,500,66.3611,79.0185,1.190735235,1.428882282,1,0.675984,675984
950,550,69.502,86.4415,1.243726799,1.492472159,1,0.746629,746629
950,600,72.3688,87.0904,1.20342468,1.444109616,1,0.838471,838471
950,650,75.2498,90.6726,1.204954698,1.445945637,1,0.877317,877317
950,700,77.986,99.4752,1.275552022,1.530662427,1,0.964011,964011
950,750,80.6077,103.577,1.284951686,1.541942023,1,1.0108,1.01E+06
950,800,83.2029,100.028,1.202217711,1.442661253,1,1.10964,1.11E+06
950,850,85.7894,106.868,1.245701683,1.49484202,1,1.1482,1.15E+06
950,900,88.0251,110.832,1.259095417,1.510914501,1,1.21803,1.22E+06
950,950,90.4285,111.557,1.233648684,1.480378421,1,1.32855,1.33E+06
950,1000,92.8163,113.54,1.223276515,1.467931818,1,1.3847,1.38E+06
1000,100,31.2,36.5175,1.170432692,1.404519231,3,0.191669,191669
1000,150,37.6957,45.7278,1.213077354,1.455692824,2,0.24141,241410
1000,200,42.9996,48.6215,1.130743077,1.356891692,1,0.291314,291314
1000,250,47.785,64.2352,1.344254473,1.613105368,2,0.400096,400096
1000,300,52.0132,59.4537,1.143050226,1.371660271,1,0.432316,432316
1000,350,55.8969,66.5945,1.191380917,1.429657101,1,0.498143,498143
1000,400,59.7129,75.8376,1.270037128,1.524044553,1,0.568671,568671
1000,450,63.1596,74.7075,1.182836813,1.419404176,1,0.639305,639305
1000,500,66.372,79.0185,1.190539685,1.428647622,1,0.706501,706501
1000,550,69.5021,86.4415,1.24372501,1.492470012,1,0.796875,796875
1000,600,72.388,87.0904,1.203105487,1.443726585,1,0.857861,857861
1000,650,75.2934,90.6726,1.204256947,1.445108336,1,0.913687,913687
1000,700,77.9918,99.4752,1.275457163,1.530548596,1,0.98797,987970
1000,750,80.667,103.577,1.284007091,1.540808509,1,1.0559,1.06E+06
1000,800,83.2127,100.629,1.209298581,1.451158297,1,1.12869,1.13E+06
1000,850,85.8352,106.868,1.245037001,1.494044401,1,1.19291,1.19E+06
1000,900,88.0697,110.832,1.25845779,1.510149348,1,1.27685,1.28E+06
1000,950,90.4685,111.557,1.233103235,1.479723882,1,1.3682,1.37E+06
1000,1000,92.8612,113.54,1.22268504,1.467222048,1,1.40434,1.40E+06
