n,d,MSB,Approx(0.1),Results(0.1),u,time(s),time(us),,,,
50,50,21.5091,28.5344,1.326619896,3,0.0331104,33110.4,,1.724605864,,
50,100,29.0965,38.2406,1.314268039,2,0.0427691,42769.1,,1.708548451,,
50,150,35.4799,47.7811,1.346708982,2,0.0639676,63967.6,,1.750721676,,
50,200,41.0132,48.7879,1.189565798,1,0.0571866,57186.6,,1.546435538,,
50,250,45.5678,54.3195,1.192058866,1,0.0712217,71221.7,,1.549676526,,
50,300,49.5875,63.7159,1.284918578,1,0.0837901,83790.1,,1.670394152,,
50,350,53.588,68.2052,1.272770023,1,0.0984996,98499.6,,1.65460103,,
50,400,57.4754,69.9816,1.217592222,1,0.113637,113637,,1.582869889,,
50,450,60.7899,75.0753,1.234996274,1,0.129247,129247,,1.605495156,,
50,500,64.0277,83.3592,1.301924011,1,0.149874,149874,,1.692501214,,
50,550,67.0455,87.6837,1.307823791,1,0.157688,157688,,1.700170929,,
50,600,70.1547,90.1125,1.284482722,1,0.166185,166185,,1.669827538,,
50,650,72.8718,90.0675,1.23597194,1,0.180012,180012,,1.606763522,,
50,700,75.5722,92.6481,1.225954782,1,0.197738,197738,,1.593741217,,
50,750,78.3315,99.2551,1.267116039,1,0.208683,208683,,1.647250851,,
50,800,80.9331,105.357,1.301778877,1,0.222305,222305,,1.69231254,,
50,850,83.182,106.557,1.281010315,1,0.244752,244752,,1.665313409,,
50,900,85.7309,108.922,1.270510399,1,0.261309,261309,,1.651663519,,
50,950,88.0886,113.7,1.290745908,1,0.262524,262524,,1.677969681,,
50,1000,90.2298,115.032,1.274878144,1,0.280089,280089,,1.657341588,,
100,50,21.5966,29.961,1.387301705,2,0.0280844,28084.4,,1.803492216,,
100,100,29.8473,38.2406,1.281208015,2,0.0497156,49715.6,,1.66557042,,
100,150,35.8823,46.0104,1.282258941,2,0.0719424,71942.4,,1.666936623,,
100,200,41.4998,50.389,1.214198623,1,0.0685228,68522.8,,1.578458209,,
100,250,46.2882,57.1752,1.235200332,1,0.0910469,91046.9,,1.605760431,,
100,300,50.4009,65.255,1.294718944,1,0.103286,103286,,1.683134627,,
100,350,54.2836,68.72,1.265944042,1,0.121553,121553,,1.645727255,,
100,400,58.0874,74.3378,1.279757744,1,0.137573,137573,,1.663685068,,
100,450,61.4326,78.4061,1.276294671,1,0.153756,153756,,1.659183072,,
100,500,64.6999,81.1031,1.25352744,1,0.170881,170881,,1.629585672,,
100,550,67.8465,82.867,1.22138946,1,0.188233,188233,,1.587806298,,
100,600,70.7015,89.3087,1.263179706,1,0.203139,203139,,1.642133618,,
100,650,73.6522,91.6458,1.24430499,1,0.2193,219300,,1.617596487,,
100,700,76.3623,93.2408,1.221031844,1,0.236263,236263,,1.587341398,,
100,750,79.0151,101.953,1.290297677,1,0.253621,253621,,1.67738698,,
100,800,81.6823,102.12,1.250209654,1,0.268068,268068,,1.62527255,,
100,850,83.9793,108.441,1.291282495,1,0.28642,286420,,1.678667243,,
100,900,86.5877,106.91,1.234701926,1,0.308527,308527,,1.605112504,,
100,950,88.8065,113.343,1.276291713,1,0.319152,319152,,1.659179227,,
100,1000,91.1726,114.835,1.259534114,1,0.33945,339450,,1.637394349,,
150,50,21.7029,29.961,1.380506753,2,0.0332498,33249.8,,1.794658778,,
150,100,30.0254,38.1239,1.269721636,2,0.0604115,60411.5,,1.650638126,,
150,150,36.2857,44.2511,1.219518984,1,0.0656441,65644.1,,1.585374679,,
150,200,41.8247,52.83,1.263129204,1,0.0819961,81996.1,,1.642067965,,
150,250,46.7018,57.1752,1.224261163,1,0.101744,101744,,1.591539512,,
150,300,50.6811,60.681,1.19731024,1,0.125633,125633,,1.556503312,,
150,350,54.5327,69.2426,1.269744575,1,0.141867,141867,,1.650667948,,
150,400,58.4037,72.4503,1.240508735,1,0.157538,157538,,1.612661355,,
150,450,61.8085,78.1939,1.26509946,1,0.179625,179625,,1.644629299,,
150,500,65.1053,81.1031,1.24572193,1,0.201638,201638,,1.61943851,,
150,550,68.2882,82.867,1.2134893,1,0.220727,220727,,1.57753609,,
150,600,71.1692,91.3225,1.283174463,1,0.238487,238487,,1.668126802,,
150,650,74.007,90.1619,1.218288811,1,0.270057,270057,,1.583775454,,
150,700,76.7752,93.2408,1.214465088,1,0.279372,279372,,1.578804614,,
150,750,79.4286,95.4987,1.20232133,1,0.295991,295991,,1.563017729,,
150,800,82.1456,99.5281,1.211605978,1,0.314739,314739,,1.575087771,,
150,850,84.5184,101.814,1.204637097,1,0.333105,333105,,1.566028226,,
150,900,87.1214,106.91,1.227138223,1,0.357629,357629,,1.59527969,,
150,950,89.3595,113.343,1.2683934,1,0.37504,375040,,1.64891142,,
150,1000,91.5932,114.835,1.253750278,1,0.399166,399166,,1.629875362,,
200,50,22.0761,29.961,1.357169065,2,0.0353471,35347.1,,1.764319785,,
200,100,30.1489,38.662,1.282368511,2,0.0632922,63292.2,,1.667079064,,
200,150,36.5317,44.2511,1.211306892,1,0.0738381,73838.1,,1.57469896,,
200,200,42.0437,53.364,1.269250803,1,0.0929201,92920.1,,1.650026044,,
200,250,46.7695,56.491,1.207859823,1,0.115717,115717,,1.57021777,,
200,300,50.886,60.4536,1.188020281,1,0.138325,138325,,1.544426365,,
200,350,54.9214,69.2426,1.260758102,1,0.166413,166413,,1.638985532,,
200,400,58.6087,72.4503,1.236169715,1,0.186335,186335,,1.60702063,,
200,450,62.1436,74.7075,1.202175284,1,0.220526,220526,,1.56282787,,
200,500,65.4188,81.7894,1.250243049,1,0.229447,229447,,1.625315964,,
200,550,68.5501,81.3175,1.186249181,1,0.251864,251864,,1.542123936,,
200,600,71.4571,91.3225,1.278004565,1,0.282409,282409,,1.661405934,,
200,650,74.3713,90.1619,1.212321151,1,0.297569,297569,,1.576017496,,
200,700,77.2311,93.2408,1.207296025,1,0.320659,320659,,1.569484832,,
200,750,79.8089,99.6664,1.248813102,1,0.341699,341699,,1.623457033,,
200,800,82.4507,99.8776,1.211361456,1,0.364982,364982,,1.574769893,,
200,850,84.908,106.868,1.258632873,1,0.390524,390524,,1.636222735,,
200,900,87.2649,106.91,1.225120295,1,0.414211,414211,,1.592656383,,
200,950,89.5986,113.343,1.265008605,1,0.430287,430287,,1.644511187,,
200,1000,91.7531,114.835,1.251565342,1,0.480207,480207,,1.627034945,,
250,50,22.2393,30.1765,1.356899723,3,0.0463801,46380.1,,1.763969639,,
250,100,30.3053,38.662,1.275750446,2,0.0707681,70768.1,,1.65847558,,
250,150,36.7657,44.2511,1.203597375,1,0.0826251,82625.1,,1.564676587,,
250,200,42.1322,47.8912,1.136688803,1,0.113463,113463,,1.477695444,,
250,250,46.9309,56.491,1.203705874,1,0.132012,132012,,1.564817636,,
250,300,51.1754,60.4536,1.181301954,1,0.158328,158328,,1.53569254,,
250,350,55.0957,69.2426,1.256769585,1,0.191336,191336,,1.63380046,,
250,400,58.787,71.6858,1.219415857,1,0.206713,206713,,1.585240614,,
250,450,62.3779,74.7075,1.197659748,1,0.232571,232571,,1.556957673,,
250,500,65.6082,81.7894,1.246633805,1,0.259622,259622,,1.620623946,,
250,550,68.9041,84.1139,1.220738679,1,0.285409,285409,,1.586960282,,
250,600,71.7611,89.1634,1.24250325,1,0.309974,309974,,1.615254225,,
250,650,74.6239,91.358,1.224245852,1,0.349163,349163,,1.591519607,,
250,700,77.3501,94.9627,1.22769977,1,0.363937,363937,,1.596009701,,
250,750,79.9303,99.6664,1.246916376,1,0.385785,385785,,1.620991289,,
250,800,82.5576,99.8776,1.20979292,1,0.412684,412684,,1.572730796,,
250,850,85.0194,106.868,1.2569837,1,0.437257,437257,,1.63407881,,
250,900,87.326,106.91,1.224263106,1,0.464664,464664,,1.591542038,,
250,950,89.6854,113.343,1.263784295,1,0.489599,489599,,1.642919583,,
250,1000,91.9216,114.835,1.249271118,1,0.512492,512492,,1.624052453,,
300,50,22.2959,29.5114,1.323624523,3,0.0489922,48992.2,,1.72071188,,
300,100,30.3984,38.662,1.271843255,2,0.0763198,76319.8,,1.653396231,,
300,150,36.8441,44.2511,1.201036258,1,0.0947231,94723.1,,1.561347136,,
300,200,42.278,56.4981,1.336347509,2,0.145691,145691,,1.737251762,,
300,250,47.0073,54.6392,1.162355634,1,0.147818,147818,,1.511062324,,
300,300,51.3102,59.4537,1.158711133,1,0.175196,175196,,1.506324473,,
300,350,55.2364,64.8502,1.174048273,1,0.204608,204608,,1.526262754,,
300,400,58.9472,73.251,1.242654443,1,0.242841,242841,,1.615450776,,
300,450,62.6027,74.7075,1.193359072,1,0.260916,260916,,1.551366794,,
300,500,65.9123,80.0979,1.215219314,1,0.289572,289572,,1.579785108,,
300,550,69.1248,84.1139,1.216841134,1,0.319928,319928,,1.581893474,,
300,600,71.8602,89.1634,1.240789756,1,0.347475,347475,,1.613026682,,
300,650,74.7284,91.358,1.222533869,1,0.389269,389269,,1.58929403,,
300,700,77.4514,94.9627,1.226094041,1,0.402576,402576,,1.593922253,,
300,750,80.0144,99.6664,1.245605791,1,0.451501,451501,,1.619287528,,
300,800,82.6704,99.8776,1.208142213,1,0.470441,470441,,1.570584877,,
300,850,85.0996,106.868,1.255799087,1,0.502081,502081,,1.632538813,,
300,900,87.4303,106.91,1.222802621,1,0.526845,526845,,1.589643407,,
300,950,89.7562,112.788,1.256604001,1,0.544071,544071,,1.633585201,,
300,1000,92.0096,114.099,1.240077122,1,0.575164,575164,,1.612100259,,
350,50,22.4101,29.5114,1.316879443,3,0.0548873,54887.3,,1.711943276,,
350,100,30.4639,38.662,1.269108683,2,0.08259,82590,,1.649841288,,
350,150,36.864,44.2511,1.200387912,1,0.100971,100971,,1.560504286,,
350,200,42.3767,56.7699,1.339648911,2,0.158764,158764,,1.741543584,,
350,250,47.1217,64.2352,1.363176626,2,0.194958,194958,,1.772129613,,
350,300,51.4069,59.4537,1.156531516,1,0.195953,195953,,1.503490971,,
350,350,55.4157,64.8502,1.170249586,1,0.224434,224434,,1.521324462,,
350,400,59.2229,74.7996,1.263018191,1,0.255826,255826,,1.641923648,,
350,450,62.638,74.7075,1.192686548,1,0.292857,292857,,1.550492513,,
350,500,66.0072,80.0979,1.213472167,1,0.320002,320002,,1.577513817,,
350,550,69.1936,84.1139,1.215631214,1,0.350504,350504,,1.580320579,,
350,600,71.8963,89.1634,1.24016674,1,0.379964,379964,,1.612216762,,
350,650,74.7951,91.358,1.221443651,1,0.415168,415168,,1.587876746,,
350,700,77.5318,96.5113,1.244796329,1,0.446979,446979,,1.618235227,,
350,750,80.0973,99.6664,1.2443166,1,0.478477,478477,,1.61761158,,
350,800,82.7513,107.695,1.301429706,1,0.51187,511870,,1.691858617,,
350,850,85.1911,102.804,1.206745775,1,0.561802,561802,,1.568769508,,
350,900,87.4759,110.832,1.267000397,1,0.572446,572446,,1.647100516,,
350,950,89.8371,112.788,1.255472405,1,0.599789,599789,,1.632114127,,
350,1000,92.0849,113.168,1.228952847,1,0.656422,656422,,1.597638701,,
400,50,22.4258,30.1765,1.345615318,3,0.05922,59220,,1.749299913,,
400,100,30.6189,38.662,1.262684159,2,0.0933849,93384.9,,1.641489407,,
400,150,37.1034,44.2511,1.192642723,1,0.111213,111213,,1.55043554,,
400,200,42.4713,50.3327,1.185099114,1,0.145087,145087,,1.540628848,,
400,250,47.2526,64.2352,1.359400329,2,0.210357,210357,,1.767220428,,
400,300,51.5069,59.4537,1.154286125,1,0.221946,221946,,1.500571962,,
400,350,55.6008,70.3569,1.265393663,1,0.248585,248585,,1.645011762,,
400,400,59.3035,74.7996,1.26130161,1,0.28211,282110,,1.639692092,,
400,450,62.7491,74.7075,1.190574845,1,0.317036,317036,,1.547747298,,
400,500,66.0457,80.0979,1.212764798,1,0.351991,351991,,1.576594237,,
400,550,69.2045,84.1139,1.215439747,1,0.396936,396936,,1.580071672,,
400,600,71.9835,89.1634,1.238664416,1,0.420896,420896,,1.610263741,,
400,650,74.8353,92.3941,1.234632586,1,0.451711,451711,,1.605022362,,
400,700,77.624,99.4752,1.281500567,1,0.482825,482825,,1.665950737,,
400,750,80.1556,103.686,1.293559028,1,0.5428,542800,,1.681626736,,
400,800,82.8092,107.695,1.300519749,1,0.580099,580099,,1.690675674,,
400,850,85.2972,102.804,1.205244721,1,0.589292,589292,,1.566818137,,
400,900,87.5375,110.832,1.266108811,1,0.6252,625200,,1.645941454,,
400,950,89.8733,112.788,1.254966714,1,0.664684,664684,,1.631456729,,
400,1000,92.1782,113.168,1.227708938,1,0.708705,708705,,1.596021619,,
450,50,22.5785,30.1765,1.336514826,3,0.0632187,63218.7,,1.737469274,,
450,100,30.6797,36.2391,1.181207769,1,0.0824486,82448.6,,1.5355701,,
450,150,37.2151,44.2511,1.189063042,1,0.12086,120860,,1.545781954,,
450,200,42.5602,48.6215,1.142417094,1,0.156428,156428,,1.485142222,,
450,250,47.2972,54.6392,1.155231176,1,0.193341,193341,,1.501800529,,
450,300,51.7107,59.4537,1.149736902,1,0.231954,231954,,1.494657972,,
450,350,55.6285,70.3569,1.264763565,1,0.284562,284562,,1.644192635,,
450,400,59.4016,74.7996,1.259218607,1,0.304386,304386,,1.636984189,,
450,450,62.7829,74.7075,1.189933883,1,0.343309,343309,,1.546914048,,
450,500,66.0805,80.0979,1.212126119,1,0.378314,378314,,1.575763955,,
450,550,69.2558,84.1139,1.214539432,1,0.434452,434452,,1.578901262,,
450,600,72.0398,89.1634,1.237696384,1,0.454119,454119,,1.6090053,,
450,650,74.9102,92.3941,1.233398122,1,0.491725,491725,,1.603417559,,
450,700,77.6639,99.4752,1.280842193,1,0.530796,530796,,1.665094851,,
450,750,80.211,103.686,1.292665594,1,0.567825,567825,,1.680465273,,
450,800,82.8442,107.695,1.299970306,1,0.60612,606120,,1.689961397,,
450,850,85.3336,102.804,1.20473061,1,0.648526,648526,,1.566149793,,
450,900,87.581,110.832,1.265479956,1,0.676702,676702,,1.645123942,,
450,950,89.9291,112.788,1.254188021,1,0.72317,723170,,1.630444428,,
450,1000,92.2649,113.168,1.226555277,1,0.777791,777791,,1.59452186,,
500,50,22.6027,30.1765,1.335083862,3,0.0684076,68407.6,,1.73560902,,
500,100,30.7051,36.2391,1.180230646,1,0.0895157,89515.7,,1.534299839,,
500,150,37.3118,45.7278,1.22555867,2,0.146813,146813,,1.593226272,,
500,200,42.602,48.6215,1.141296183,1,0.170245,170245,,1.483685038,,
500,250,47.3964,54.6392,1.152813294,1,0.214694,214694,,1.498657282,,
500,300,51.7746,59.4537,1.148317901,1,0.250049,250049,,1.492813271,,
500,350,55.6942,70.3569,1.263271579,1,0.302291,302291,,1.642253053,,
500,400,59.4312,74.7996,1.258591447,1,0.334417,334417,,1.636168881,,
500,450,62.8622,74.7075,1.188432794,1,0.366277,366277,,1.544962633,,
500,500,66.1011,80.0979,1.211748367,1,0.413766,413766,,1.575272877,,
500,550,69.322,84.1139,1.213379591,1,0.472099,472099,,1.577393468,,
500,600,72.0765,87.0904,1.208305065,1,0.490559,490559,,1.570796584,,
500,650,74.9365,92.3941,1.232965244,1,0.545261,545261,,1.602854817,,
500,700,77.7074,99.4752,1.280125188,1,0.573892,573892,,1.664162744,,
500,750,80.2838,103.686,1.291493427,1,0.615863,615863,,1.678941455,,
500,800,82.8521,101.431,1.224241751,1,0.64829,648290,,1.591514277,,
500,850,85.3691,102.804,1.204229633,1,0.693902,693902,,1.565498523,,
500,900,87.6862,110.832,1.263961718,1,0.730074,730074,,1.643150233,,
500,950,90.0548,111.557,1.23876795,1,0.792444,792444,,1.610398335,,
500,1000,92.3063,113.54,1.23003522,1,0.813119,813119,,1.599045786,,
550,50,22.6526,29.9068,1.320236971,3,0.071468,71468,,1.716308062,,
550,100,30.7641,36.2391,1.177967176,1,0.0963831,96383.1,,1.531357329,,
550,150,37.3118,45.7278,1.22555867,2,0.155945,155945,,1.593226272,,
550,200,42.6414,48.6215,1.140241643,1,0.1823,182300,,1.482314136,,
550,250,47.4954,64.2352,1.352450974,2,0.253823,253823,,1.758186266,,
550,300,51.8338,59.4537,1.147006394,1,0.268362,268362,,1.491108312,,
550,350,55.7114,70.3569,1.262881565,1,0.309014,309014,,1.641746034,,
550,400,59.5268,74.7996,1.25657015,1,0.353012,353012,,1.633541195,,
550,450,62.881,74.7075,1.18807748,1,0.397923,397923,,1.544500724,,
550,500,66.1507,80.0979,1.210839795,1,0.44163,441630,,1.574091733,,
550,550,69.3675,89.6211,1.291975349,1,0.486593,486593,,1.679567953,,
550,600,72.1052,87.0904,1.207824124,1,0.534318,534318,,1.570171361,,
550,650,74.946,92.3941,1.232808956,1,0.576758,576758,,1.602651643,,
550,700,77.7414,99.4752,1.279565328,1,0.626904,626904,,1.663434927,,
550,750,80.2997,99.3937,1.237784201,1,0.658539,658539,,1.609119461,,
550,800,82.9523,101.431,1.222762961,1,0.70253,702530,,1.58959185,,
550,850,85.457,106.868,1.250547059,1,0.758534,758534,,1.625711176,,
550,900,87.7397,110.832,1.263191007,1,0.787011,787011,,1.642148309,,
550,950,90.0825,111.557,1.238387034,1,0.833618,833618,,1.609903144,,
550,1000,92.3496,113.54,1.229458493,1,0.867984,867984,,1.59829604,,
600,50,22.7,29.9068,1.317480176,3,0.0727039,72703.9,,1.712724229,,
600,100,30.8966,42.6381,1.380025634,2,0.115109,115109,,1.794033324,,
600,150,37.347,45.7278,1.224403567,2,0.16682,166820,,1.591724637,,
600,200,42.6962,48.6215,1.138778158,1,0.195529,195529,,1.480411606,,
600,250,47.5635,54.6392,1.148763232,1,0.242431,242431,,1.493392202,,
600,300,51.8482,59.4537,1.146687831,1,0.288311,288311,,1.49069418,,
600,350,55.7511,70.3569,1.261982275,1,0.355209,355209,,1.640576957,,
600,400,59.5838,74.7996,1.25536807,1,0.400861,400861,,1.631978491,,
600,450,62.9163,74.7075,1.187410894,1,0.445169,445169,,1.543634162,,
600,500,66.1975,80.1282,1.210441482,1,0.471997,471997,,1.573573927,,
600,550,69.3866,89.6211,1.291619708,1,0.519628,519628,,1.67910562,,
600,600,72.1299,87.0904,1.207410519,1,0.564561,564561,,1.569633675,,
600,650,74.9809,92.3941,1.232235143,1,0.606391,606391,,1.601905685,,
600,700,77.752,99.4752,1.279390884,1,0.659193,659193,,1.663208149,,
600,750,80.3459,99.8938,1.243296795,1,0.72511,725110,,1.616285834,,
600,800,82.9744,100.028,1.205528452,1,0.764763,764763,,1.567186988,,
600,850,85.4686,106.868,1.250377332,1,0.792095,792095,,1.625490531,,
600,900,87.7877,110.832,1.262500327,1,0.847181,847181,,1.641250426,,
600,950,90.0956,111.557,1.238206971,1,0.890302,890302,,1.609669063,,
600,1000,92.4174,113.54,1.228556527,1,0.933956,933956,,1.597123485,,
650,50,22.7131,29.9068,1.316720307,3,0.0754342,75434.2,,1.711736399,,
650,100,30.986,36.2391,1.169531401,1,0.108251,108251,,1.520390822,,
650,150,37.3498,45.6125,1.221224746,2,0.176482,176482,,1.587592169,,
650,200,42.7383,48.6215,1.137656388,1,0.216572,216572,,1.478953304,,
650,250,47.6439,64.2352,1.348235556,2,0.287027,287027,,1.752706223,,
650,300,51.8714,59.4537,1.146174963,1,0.309646,309646,,1.490027453,,
650,350,55.7512,70.3569,1.261980011,1,0.351299,351299,,1.640574015,,
650,400,59.5844,74.7996,1.255355429,1,0.407169,407169,,1.631962057,,
650,450,62.948,74.7075,1.186812925,1,0.4536,453600,,1.542856802,,
650,500,66.2227,84.0802,1.269658289,1,0.501437,501437,,1.650555776,,
650,550,69.3991,89.6211,1.291387064,1,0.569535,569535,,1.678803183,,
650,600,72.1646,87.0904,1.206829942,1,0.624649,624649,,1.568878924,,
650,650,75.0309,90.6726,1.20847011,1,0.656432,656432,,1.571011143,,
650,700,77.792,99.4752,1.278733032,1,0.725517,725517,,1.662352941,,
650,750,80.3748,99.8938,1.242849749,1,0.744452,744452,,1.615704674,,
650,800,83.0188,100.028,1.204883713,1,0.824677,824677,,1.566348827,,
650,850,85.4888,106.868,1.250081882,1,0.851169,851169,,1.625106447,,
650,900,87.8258,110.832,1.261952638,1,0.909779,909779,,1.640538429,,
650,950,90.1515,111.557,1.2374392,1,0.951123,951123,,1.608670959,,
650,1000,92.4809,113.54,1.227712966,1,1.01802,1.02E+06,,1.596026855,,
700,50,22.7297,30.1765,1.32762421,3,0.0820712,82071.2,,1.725911473,,
700,100,30.9881,36.2391,1.169452145,1,0.113561,113561,,1.520287788,,
700,150,37.3787,45.7278,1.223365179,2,0.189688,189688,,1.590374732,,
700,200,42.8698,48.6215,1.134166709,1,0.217545,217545,,1.474416722,,
700,250,47.6579,64.2352,1.347839498,2,0.303496,303496,,1.752191347,,
700,300,51.8907,59.4537,1.14574866,1,0.333115,333115,,1.489473258,,
700,350,55.8047,66.0202,1.183058058,1,0.393446,393446,,1.537975475,,
700,400,59.6525,75.4789,1.26530992,1,0.424109,424109,,1.644902896,,
700,450,62.9564,74.7075,1.186654574,1,0.485892,485892,,1.542650946,,
700,500,66.2279,84.0802,1.2695586,1,0.532204,532204,,1.65042618,,
700,550,69.4378,89.6211,1.290667331,1,0.603956,603956,,1.67786753,,
700,600,72.1899,87.0904,1.20640699,1,0.657222,657222,,1.568329088,,
700,650,75.0898,90.6726,1.207522193,1,0.689397,689397,,1.569778851,,
700,700,77.865,99.4752,1.277534194,1,0.749279,749279,,1.660794452,,
700,750,80.4154,99.8938,1.242222261,1,0.794525,794525,,1.614888939,,
700,800,83.0191,100.028,1.204879359,1,0.865709,865709,,1.566343167,,
700,850,85.5556,106.868,1.249105845,1,0.900573,900573,,1.623837598,,
700,900,87.8447,110.832,1.261681126,1,0.957823,957823,,1.640185464,,
700,950,90.1726,111.557,1.237149644,1,1.00788,1.01E+06,,1.608294537,,
700,1000,92.53,113.54,1.227061494,1,1.06412,1.06E+06,,1.595179942,,
750,50,22.7297,29.961,1.318143222,3,0.0874842,87484.2,,1.713586189,,
750,100,31.075,39.6346,1.275449718,2,0.135901,135901,,1.658084634,,
750,150,37.4041,45.7278,1.222534428,2,0.193429,193429,,1.589294756,,
750,200,42.9278,48.6215,1.13263433,1,0.230981,230981,,1.472424629,,
750,250,47.6812,54.6392,1.145927535,1,0.29858,298580,,1.489705796,,
750,300,51.9282,59.4537,1.144921257,1,0.353874,353874,,1.488397634,,
750,350,55.8256,66.0202,1.182615144,1,0.396914,396914,,1.537399688,,
750,400,59.6617,75.4789,1.265114806,1,0.453727,453727,,1.644649247,,
750,450,62.9706,74.7075,1.186386981,1,0.502143,502143,,1.542303075,,
750,500,66.2531,84.0802,1.269075711,1,0.565586,565586,,1.649798425,,
750,550,69.442,89.6211,1.290589269,1,0.614921,614921,,1.677766049,,
750,600,72.2698,87.0904,1.205073212,1,0.677939,677939,,1.566595175,,
750,650,75.1362,90.6726,1.206776494,1,0.745801,745801,,1.568809442,,
750,700,77.896,99.4752,1.277025778,1,0.781408,781408,,1.660133511,,
750,750,80.4384,103.577,1.287656144,1,0.841127,841127,,1.673952988,,
750,800,83.0772,100.028,1.204036727,1,0.894734,894734,,1.565247745,,
750,850,85.587,106.868,1.248647575,1,0.95142,951420,,1.623241847,,
750,900,87.878,110.832,1.261203031,1,1.01018,1.01E+06,,1.639563941,,
750,950,90.2099,111.557,1.236638107,1,1.06833,1.07E+06,,1.60762954,,
750,1000,92.6409,113.54,1.225592584,1,1.12468,1.12E+06,,1.593270359,,
800,50,22.8092,30.6031,1.34169984,3,0.0914922,91492.2,,1.744209793,,
800,100,31.0913,39.6346,1.274781048,2,0.140821,140821,,1.657215362,,
800,150,37.4984,45.7278,1.21946003,2,0.203928,203928,,1.585298039,,
800,200,42.9936,48.6215,1.130900878,1,0.242326,242326,,1.470171142,,
800,250,47.695,64.2352,1.346791068,2,0.333029,333029,,1.750828389,,
800,300,51.9446,59.4537,1.144559781,1,0.359886,359886,,1.487927715,,
800,350,55.8328,66.0202,1.182462638,1,0.415396,415396,,1.53720143,,
800,400,59.674,75.4789,1.26485404,1,0.477395,477395,,1.644310252,,
800,450,63.0061,74.7075,1.185718526,1,0.533467,533467,,1.541434083,,
800,500,66.2701,84.0802,1.26875016,1,0.607279,607279,,1.649375208,,
800,550,69.4689,89.6211,1.290089522,1,0.653725,653725,,1.677116379,,
800,600,72.2993,87.0904,1.20458151,1,0.734823,734823,,1.565955964,,
800,650,75.1548,90.6726,1.20647783,1,0.788498,788498,,1.568421179,,
800,700,77.9096,99.4752,1.276802859,1,0.85114,851140,,1.659843716,,
800,750,80.4778,103.577,1.287025739,1,0.914269,914269,,1.67313346,,
800,800,83.101,100.028,1.203691893,1,0.949058,949058,,1.564799461,,
800,850,85.6451,106.868,1.247800516,1,1.01329,1.01E+06,,1.622140671,,
800,900,87.9124,110.832,1.260709524,1,1.06152,1.06E+06,,1.638922382,,
800,950,90.3185,111.557,1.23515116,1,1.14268,1.14E+06,,1.605696507,,
800,1000,92.6877,113.54,1.224973756,1,1.17319,1.17E+06,,1.592465883,,
850,50,22.8092,30.1765,1.322996861,3,0.0919815,91981.5,,1.719895919,,
850,100,31.0914,37.4052,1.203072232,2,0.149095,149095,,1.563993902,,
850,150,37.5084,45.7278,1.219134914,2,0.212641,212641,,1.584875388,,
850,200,42.9937,48.6215,1.130898248,1,0.259718,259718,,1.470167722,,
850,250,47.6992,54.6392,1.145495103,1,0.315914,315914,,1.489143633,,
850,300,51.9449,59.4537,1.144553171,1,0.379104,379104,,1.487919122,,
850,350,55.8745,66.0202,1.181580148,1,0.43764,437640,,1.536054193,,
850,400,59.6822,75.4789,1.264680256,1,0.502621,502621,,1.644084333,,
850,450,63.0348,74.7075,1.185178663,1,0.558056,558056,,1.540732262,,
850,500,66.2816,84.0802,1.268530029,1,0.61934,619340,,1.649089038,,
850,550,69.4889,86.4415,1.243961266,1,0.681147,681147,,1.617149645,,
850,600,72.3002,87.0904,1.204566516,1,0.747542,747542,,1.56593647,,
850,650,75.1555,90.6726,1.206466593,1,0.822764,822764,,1.56840657,,
850,700,77.9323,99.4752,1.276430954,1,0.871911,871911,,1.65936024,,
850,750,80.5202,103.577,1.286348022,1,0.936896,936896,,1.672252429,,
850,800,83.14,100.028,1.203127255,1,0.997165,997165,,1.564065432,,
850,850,85.663,106.868,1.247539778,1,1.07914,1.08E+06,,1.621801711,,
850,900,87.9684,110.832,1.259906967,1,1.1538,1.15E+06,,1.637879057,,
850,950,90.3283,111.557,1.235017154,1,1.17607,1.18E+06,,1.6055223,,
850,1000,92.7574,113.54,1.224053283,1,1.25401,1.25E+06,,1.591269268,,
900,50,22.8221,29.961,1.312806446,3,0.0951608,95160.8,,1.70664838,,
900,100,31.1227,36.5729,1.175119768,2,0.153802,153802,,1.527655698,,
900,150,37.6445,45.7278,1.214727251,2,0.221204,221204,,1.579145426,,
900,200,42.9949,48.6215,1.130866684,1,0.275506,275506,,1.470126689,,
900,250,47.702,54.6392,1.145427865,1,0.337137,337137,,1.489056224,,
900,300,51.979,59.4537,1.143802305,1,0.400116,400116,,1.486942996,,
900,350,55.8763,66.5945,1.191820146,1,0.454003,454003,,1.549366189,,
900,400,59.6846,75.4789,1.264629402,1,0.541659,541659,,1.644018222,,
900,450,63.0354,74.7075,1.185167382,1,0.606591,606591,,1.540717597,,
900,500,66.3441,82.1995,1.23898734,1,0.65008,650080,,1.610683542,,
900,550,69.4959,86.4415,1.243835967,1,0.731562,731562,,1.616986757,,
900,600,72.3325,87.0904,1.204028618,1,0.79163,791630,,1.565237203,,
900,650,75.2164,90.6726,1.20548976,1,0.86505,865050,,1.567136688,,
900,700,77.9697,99.4752,1.275818683,1,0.91464,914640,,1.658564288,,
900,750,80.5575,103.577,1.285752413,1,0.986758,986758,,1.671478137,,
900,800,83.1548,100.028,1.202913121,1,1.04851,1.05E+06,,1.563787057,,
900,850,85.7725,106.868,1.245947128,1,1.13371,1.13E+06,,1.619731266,,
900,900,87.9907,110.832,1.259587661,1,1.16155,1.16E+06,,1.637463959,,
900,950,90.3772,111.557,1.234348929,1,1.2244,1.22E+06,,1.604653607,,
900,1000,92.7953,113.54,1.223553348,1,1.30915,1.31E+06,,1.590619352,,
950,50,22.9136,29.484,1.286746736,3,0.0959219,95921.9,,1.672770756,,
950,100,31.1668,36.5175,1.171679479,2,0.1606,160600,,1.523183323,,
950,150,37.6492,45.6125,1.211513126,2,0.232451,232451,,1.574967064,,
950,200,42.9995,48.6215,1.130745706,1,0.280029,280029,,1.469969418,,
950,250,47.721,64.2352,1.346057291,2,0.384669,384669,,1.749874479,,
950,300,51.9844,59.4537,1.14368349,1,0.415101,415101,,1.486788537,,
950,350,55.8939,66.5945,1.191444862,1,0.475376,475376,,1.548878321,,
950,400,59.7128,75.4789,1.264032167,1,0.540481,540481,,1.643241817,,
950,450,63.0985,74.7075,1.183982187,1,0.610901,610901,,1.539176843,,
950,500,66.3611,79.0185,1.190735235,1,0.675984,675984,,1.547955805,,
950,550,69.502,86.4415,1.243726799,1,0.746629,746629,,1.616844839,,
950,600,72.3688,87.0904,1.20342468,1,0.838471,838471,,1.564452084,,
950,650,75.2498,90.6726,1.204954698,1,0.877317,877317,,1.566441107,,
950,700,77.986,99.4752,1.275552022,1,0.964011,964011,,1.658217629,,
950,750,80.6077,103.577,1.284951686,1,1.0108,1.01E+06,,1.670437191,,
950,800,83.2029,100.028,1.202217711,1,1.10964,1.11E+06,,1.562883025,,
950,850,85.7894,106.868,1.245701683,1,1.1482,1.15E+06,,1.619412188,,
950,900,88.0251,110.832,1.259095417,1,1.21803,1.22E+06,,1.636824042,,
950,950,90.4285,111.557,1.233648684,1,1.32855,1.33E+06,,1.603743289,,
950,1000,92.8163,113.54,1.223276515,1,1.3847,1.38E+06,,1.59025947,,
1000,50,22.9136,31.8739,1.391047238,3,0.103177,103177,,1.80836141,,
1000,100,31.2,36.5175,1.170432692,3,0.191669,191669,,1.5215625,,
1000,150,37.6957,45.7278,1.213077354,2,0.24141,241410,,1.57700056,,
1000,200,42.9996,48.6215,1.130743077,1,0.291314,291314,,1.469966,,
1000,250,47.785,64.2352,1.344254473,2,0.400096,400096,,1.747530815,,
1000,300,52.0132,59.4537,1.143050226,1,0.432316,432316,,1.485965293,,
1000,350,55.8969,66.5945,1.191380917,1,0.498143,498143,,1.548795193,,
1000,400,59.7129,75.8376,1.270037128,1,0.568671,568671,,1.651048266,,
1000,450,63.1596,74.7075,1.182836813,1,0.639305,639305,,1.537687857,,
1000,500,66.372,79.0185,1.190539685,1,0.706501,706501,,1.547701591,,
1000,550,69.5021,86.4415,1.24372501,1,0.796875,796875,,1.616842513,,
1000,600,72.388,87.0904,1.203105487,1,0.857861,857861,,1.564037133,,
1000,650,75.2934,90.6726,1.204256947,1,0.913687,913687,,1.565534031,,
1000,700,77.9918,99.4752,1.275457163,1,0.98797,987970,,1.658094312,,
1000,750,80.667,103.577,1.284007091,1,1.0559,1.06E+06,,1.669209218,,
1000,800,83.2127,100.629,1.209298581,1,1.12869,1.13E+06,,1.572088155,,
1000,850,85.8352,106.868,1.245037001,1,1.19291,1.19E+06,,1.618548101,,
1000,900,88.0697,110.832,1.25845779,1,1.27685,1.28E+06,,1.635995127,,
1000,950,90.4685,111.557,1.233103235,1,1.3682,1.37E+06,,1.603034205,,1.469966
1000,1000,92.8612,113.54,1.22268504,1,1.40434,1.40E+06,,1.589490551,,1.80836141
